img_name,label,label_idx,x_min,y_min,x_max,y_max,parasitized
1305121398-0001-R_S.jpg,falciparum,1,1717.0,309.0,1788.0,393.0,1
1305121398-0001-R_S.jpg,falciparum,1,918.0,886.0,994.0,953.0,1
1305121398-0001-R_S.jpg,falciparum,1,1245.0,1497.0,1351.0,1610.0,1
1305121398-0003-R.jpg,falciparum,1,1230.0,849.0,1319.0,936.0,1
1305121398-0004-R.jpg,falciparum,1,814.0,1079.0,881.0,1152.0,1
1305121398-0004-R.jpg,falciparum,1,1893.0,1375.0,1985.0,1452.0,1
1305121398-0005-T.jpg,falciparum,1,1224.0,1056.0,1332.0,1148.0,1
1305121398-0006-R.jpg,falciparum,1,1122.0,1014.0,1211.0,1098.0,1
1305121398-0007-R.jpg,falciparum,1,1325.0,1497.0,1413.0,1582.0,1
1305121398-0008-R.jpg,falciparum,1,1289.0,1151.0,1385.0,1249.0,1
1305121398-0010-S.jpg,falciparum,1,1198.0,1130.0,1320.0,1232.0,1
1305121398-0011-S.jpg,falciparum,1,1172.0,952.0,1281.0,1052.0,1
1305121398-0012-S.jpg,falciparum,1,1182.0,926.0,1262.0,1067.0,1
1305121398-0013-S.jpg,falciparum,1,1111.0,1146.0,1219.0,1260.0,1
1305121398-0014-S.jpg,falciparum,1,1094.0,1050.0,1205.0,1165.0,1
1305121398-0015-S.jpg,falciparum,1,837.0,1076.0,971.0,1202.0,1
1305121398-0016-S.jpg,falciparum,1,1172.0,1129.0,1282.0,1243.0,1
1305121398-0017-R.jpg,falciparum,1,1135.0,1086.0,1205.0,1155.0,1
1305121398-0018-S.jpg,falciparum,1,1051.0,931.0,1171.0,1050.0,1
1305121398-0019-R.jpg,falciparum,1,1088.0,969.0,1252.0,1123.0,1
1305121398-0020-S.jpg,falciparum,1,1054.0,1004.0,1156.0,1106.0,1
1305121398-0021-S.jpg,falciparum,1,1065.0,1034.0,1211.0,1207.0,1
1305121398-0022-S.jpg,falciparum,1,1111.0,937.0,1215.0,1054.0,1
1307210661-0001-R.jpg,falciparum,1,1952.0,57.0,2030.0,113.0,1
1307210661-0001-R.jpg,falciparum,1,1578.0,362.0,1643.0,422.0,1
1307210661-0001-R.jpg,falciparum,1,926.0,576.0,992.0,633.0,1
1307210661-0001-R.jpg,falciparum,1,814.0,598.0,859.0,661.0,1
1307210661-0001-R.jpg,falciparum,1,2122.0,620.0,2180.0,674.0,1
1307210661-0001-R.jpg,falciparum,1,1368.0,744.0,1445.0,798.0,1
1307210661-0001-R.jpg,falciparum,1,862.0,764.0,932.0,824.0,1
1307210661-0001-R.jpg,falciparum,1,1938.0,932.0,2011.0,990.0,1
1307210661-0001-R.jpg,falciparum,1,1732.0,986.0,1785.0,1043.0,1
1307210661-0001-R.jpg,falciparum,1,1110.0,1087.0,1174.0,1144.0,1
1307210661-0001-R.jpg,falciparum,1,1870.0,1126.0,1929.0,1197.0,1
1307210661-0001-R.jpg,falciparum,1,480.0,1161.0,556.0,1233.0,1
1307210661-0001-R.jpg,falciparum,1,1267.0,1184.0,1331.0,1252.0,1
1307210661-0001-R.jpg,falciparum,1,1035.0,1216.0,1091.0,1283.0,1
1307210661-0001-R.jpg,falciparum,1,1754.0,1224.0,1811.0,1283.0,1
1307210661-0001-R.jpg,falciparum,1,19.0,1238.0,68.0,1292.0,1
1307210661-0001-R.jpg,falciparum,1,748.0,1240.0,817.0,1306.0,1
1307210661-0001-R.jpg,falciparum,1,892.0,1251.0,959.0,1314.0,1
1307210661-0001-R.jpg,falciparum,1,1018.0,1382.0,1079.0,1435.0,1
1307210661-0001-R.jpg,falciparum,1,168.0,1430.0,211.0,1475.0,1
1307210661-0001-R.jpg,falciparum,1,206.0,1436.0,267.0,1495.0,1
1307210661-0001-R.jpg,falciparum,1,1869.0,1446.0,1937.0,1520.0,1
1307210661-0001-R.jpg,falciparum,1,2074.0,1460.0,2151.0,1531.0,1
1307210661-0001-R.jpg,falciparum,1,313.0,1482.0,381.0,1543.0,1
1307210661-0001-R.jpg,falciparum,1,807.0,1482.0,859.0,1557.0,1
1307210661-0001-R.jpg,falciparum,1,473.0,1521.0,537.0,1578.0,1
1307210661-0001-R.jpg,falciparum,1,1707.0,1602.0,1771.0,1658.0,1
1307210661-0001-R.jpg,falciparum,1,807.0,1714.0,873.0,1771.0,1
1307210661-0001-R.jpg,falciparum,1,388.0,1749.0,445.0,1803.0,1
1307210661-0001-R.jpg,falciparum,1,280.0,1765.0,354.0,1834.0,1
1307210661-0001-R.jpg,falciparum,1,2112.0,1774.0,2175.0,1841.0,1
1307210661-0002-R.jpg,falciparum,1,189.0,26.0,274.0,107.0,1
1307210661-0002-R.jpg,falciparum,1,1344.0,112.0,1424.0,186.0,1
1307210661-0002-R.jpg,falciparum,1,1827.0,136.0,1903.0,200.0,1
1307210661-0002-R.jpg,falciparum,1,1611.0,277.0,1687.0,339.0,1
1307210661-0002-R.jpg,falciparum,1,1182.0,332.0,1234.0,395.0,1
1307210661-0002-R.jpg,falciparum,1,922.0,403.0,965.0,482.0,1
1307210661-0002-R.jpg,falciparum,1,752.0,679.0,807.0,726.0,1
1307210661-0002-R.jpg,falciparum,1,956.0,679.0,1021.0,739.0,1
1307210661-0002-R.jpg,falciparum,1,2356.0,845.0,2425.0,902.0,1
1307210661-0002-R.jpg,falciparum,1,529.0,878.0,604.0,948.0,1
1307210661-0002-R.jpg,falciparum,1,1195.0,900.0,1260.0,976.0,1
1307210661-0002-R.jpg,falciparum,1,2507.0,959.0,2570.0,1008.0,1
1307210661-0002-R.jpg,falciparum,1,1758.0,973.0,1829.0,1036.0,1
1307210661-0002-R.jpg,falciparum,1,2480.0,988.0,2536.0,1043.0,1
1307210661-0002-R.jpg,falciparum,1,828.0,999.0,909.0,1043.0,1
1307210661-0002-R.jpg,falciparum,1,1297.0,1200.0,1371.0,1260.0,1
1307210661-0002-R.jpg,falciparum,1,467.0,1316.0,520.0,1370.0,1
1307210661-0002-R.jpg,falciparum,1,1595.0,1325.0,1646.0,1379.0,1
1307210661-0002-R.jpg,falciparum,1,1593.0,1386.0,1669.0,1448.0,1
1307210661-0002-R.jpg,falciparum,1,416.0,1614.0,495.0,1665.0,1
1307210661-0002-R.jpg,falciparum,1,1581.0,1646.0,1642.0,1699.0,1
1307210661-0002-R.jpg,falciparum,1,2282.0,1666.0,2347.0,1718.0,1
1307210661-0002-R.jpg,falciparum,1,909.0,1718.0,981.0,1758.0,1
1307210661-0002-R.jpg,falciparum,1,2031.0,1723.0,2096.0,1789.0,1
1307210661-0002-R.jpg,falciparum,1,1187.0,1762.0,1239.0,1817.0,1
1307210661-0003-R.jpg,falciparum,1,101.0,46.0,186.0,107.0,1
1307210661-0003-R.jpg,falciparum,1,1669.0,160.0,1737.0,231.0,1
1307210661-0003-R.jpg,falciparum,1,2188.0,174.0,2261.0,251.0,1
1307210661-0003-R.jpg,falciparum,1,418.0,189.0,492.0,271.0,1
1307210661-0003-R.jpg,falciparum,1,2270.0,304.0,2350.0,377.0,1
1307210661-0003-R.jpg,falciparum,1,1285.0,541.0,1354.0,606.0,1
1307210661-0003-R.jpg,falciparum,1,2159.0,618.0,2233.0,712.0,1
1307210661-0003-R.jpg,falciparum,1,835.0,748.0,909.0,822.0,1
1307210661-0003-R.jpg,falciparum,1,293.0,763.0,373.0,831.0,1
1307210661-0003-R.jpg,falciparum,1,762.0,791.0,840.0,853.0,1
1307210661-0003-R.jpg,falciparum,1,677.0,799.0,743.0,869.0,1
1307210661-0003-R.jpg,falciparum,1,1581.0,829.0,1633.0,903.0,1
1307210661-0003-R.jpg,falciparum,1,2370.0,971.0,2446.0,1045.0,1
1307210661-0003-R.jpg,falciparum,1,1420.0,993.0,1506.0,1066.0,1
1307210661-0003-R.jpg,falciparum,1,2290.0,1021.0,2373.0,1125.0,1
1307210661-0003-R.jpg,falciparum,1,777.0,1051.0,862.0,1109.0,1
1307210661-0003-R.jpg,falciparum,1,2245.0,1094.0,2299.0,1149.0,1
1307210661-0003-R.jpg,falciparum,1,1742.0,1097.0,1805.0,1172.0,1
1307210661-0003-R.jpg,falciparum,1,2010.0,1167.0,2078.0,1227.0,1
1307210661-0003-R.jpg,falciparum,1,553.0,1197.0,610.0,1269.0,1
1307210661-0003-R.jpg,falciparum,1,1212.0,1222.0,1288.0,1278.0,1
1307210661-0003-R.jpg,falciparum,1,1322.0,1233.0,1381.0,1299.0,1
1307210661-0003-R.jpg,falciparum,1,460.0,1254.0,529.0,1326.0,1
1307210661-0003-R.jpg,falciparum,1,2245.0,1279.0,2302.0,1368.0,1
1307210661-0003-R.jpg,falciparum,1,1530.0,1283.0,1603.0,1363.0,1
1307210661-0003-R.jpg,falciparum,1,1005.0,1333.0,1067.0,1409.0,1
1307210661-0003-R.jpg,falciparum,1,775.0,1447.0,834.0,1512.0,1
1307210661-0003-R.jpg,falciparum,1,1215.0,1714.0,1309.0,1779.0,1
1307210661-0003-R.jpg,falciparum,1,704.0,1716.0,766.0,1778.0,1
1307210661-0003-R.jpg,falciparum,1,2276.0,1798.0,2341.0,1885.0,1
1307210661-0004-R.jpg,falciparum,1,281.0,69.0,356.0,143.0,1
1307210661-0004-R.jpg,falciparum,1,581.0,69.0,653.0,135.0,1
1307210661-0004-R.jpg,falciparum,1,933.0,206.0,993.0,291.0,1
1307210661-0004-R.jpg,falciparum,1,2328.0,209.0,2393.0,287.0,1
1307210661-0004-R.jpg,falciparum,1,1514.0,246.0,1580.0,314.0,1
1307210661-0004-R.jpg,falciparum,1,1095.0,287.0,1143.0,350.0,1
1307210661-0004-R.jpg,falciparum,1,593.0,297.0,668.0,351.0,1
1307210661-0004-R.jpg,falciparum,1,908.0,303.0,963.0,377.0,1
1307210661-0004-R.jpg,falciparum,1,980.0,321.0,1041.0,378.0,1
1307210661-0004-R.jpg,falciparum,1,1137.0,395.0,1205.0,476.0,1
1307210661-0004-R.jpg,falciparum,1,795.0,399.0,843.0,470.0,1
1307210661-0004-R.jpg,falciparum,1,897.0,401.0,960.0,459.0,1
1307210661-0004-R.jpg,falciparum,1,260.0,471.0,330.0,536.0,1
1307210661-0004-R.jpg,falciparum,1,1260.0,545.0,1314.0,612.0,1
1307210661-0004-R.jpg,falciparum,1,1064.0,719.0,1142.0,768.0,1
1307210661-0004-R.jpg,falciparum,1,1857.0,791.0,1962.0,845.0,1
1307210661-0004-R.jpg,falciparum,1,1079.0,1023.0,1145.0,1094.0,1
1307210661-0004-R.jpg,falciparum,1,1553.0,1035.0,1611.0,1086.0,1
1307210661-0004-R.jpg,falciparum,1,1970.0,1061.0,2036.0,1113.0,1
1307210661-0004-R.jpg,falciparum,1,1799.0,1104.0,1874.0,1167.0,1
1307210661-0004-R.jpg,falciparum,1,2318.0,1115.0,2376.0,1175.0,1
1307210661-0004-R.jpg,falciparum,1,1816.0,1167.0,1893.0,1224.0,1
1307210661-0004-R.jpg,falciparum,1,488.0,1197.0,537.0,1268.0,1
1307210661-0004-R.jpg,falciparum,1,1459.0,1256.0,1520.0,1326.0,1
1307210661-0004-R.jpg,falciparum,1,618.0,1272.0,690.0,1323.0,1
1307210661-0004-R.jpg,falciparum,1,894.0,1277.0,950.0,1343.0,1
1307210661-0004-R.jpg,falciparum,1,1676.0,1349.0,1731.0,1404.0,1
1307210661-0004-R.jpg,falciparum,1,882.0,1413.0,938.0,1481.0,1
1307210661-0004-R.jpg,falciparum,1,1994.0,1535.0,2060.0,1593.0,1
1307210661-0004-R.jpg,falciparum,1,1175.0,1646.0,1232.0,1709.0,1
1307210661-0004-R.jpg,falciparum,1,1803.0,1713.0,1853.0,1778.0,1
1307210661-0004-R.jpg,falciparum,1,1164.0,1730.0,1223.0,1793.0,1
1307210661-0004-R.jpg,falciparum,1,831.0,1733.0,899.0,1779.0,1
1307210661-0005-R.jpg,falciparum,1,968.0,10.0,1049.0,91.0,1
1307210661-0005-R.jpg,falciparum,1,1284.0,204.0,1351.0,267.0,1
1307210661-0005-R.jpg,falciparum,1,2383.0,235.0,2456.0,304.0,1
1307210661-0005-R.jpg,falciparum,1,1442.0,307.0,1522.0,354.0,1
1307210661-0005-R.jpg,falciparum,1,16.0,408.0,93.0,485.0,1
1307210661-0005-R.jpg,falciparum,1,1072.0,625.0,1149.0,681.0,1
1307210661-0005-R.jpg,falciparum,1,1059.0,690.0,1113.0,747.0,1
1307210661-0005-R.jpg,falciparum,1,1328.0,690.0,1397.0,751.0,1
1307210661-0005-R.jpg,falciparum,1,1646.0,713.0,1726.0,766.0,1
1307210661-0005-R.jpg,falciparum,1,743.0,754.0,799.0,835.0,1
1307210661-0005-R.jpg,falciparum,1,1614.0,822.0,1679.0,888.0,1
1307210661-0005-R.jpg,falciparum,1,2353.0,824.0,2413.0,894.0,1
1307210661-0005-R.jpg,falciparum,1,2504.0,824.0,2569.0,898.0,1
1307210661-0005-R.jpg,falciparum,1,1716.0,1031.0,1793.0,1090.0,1
1307210661-0005-R.jpg,falciparum,1,1790.0,1149.0,1849.0,1203.0,1
1307210661-0005-R.jpg,falciparum,1,2109.0,1177.0,2177.0,1243.0,1
1307210661-0005-R.jpg,falciparum,1,140.0,1194.0,203.0,1251.0,1
1307210661-0005-R.jpg,falciparum,1,941.0,1200.0,1005.0,1271.0,1
1307210661-0005-R.jpg,falciparum,1,1070.0,1273.0,1147.0,1333.0,1
1307210661-0005-R.jpg,falciparum,1,1775.0,1294.0,1819.0,1345.0,1
1307210661-0005-R.jpg,falciparum,1,2062.0,1350.0,2136.0,1429.0,1
1307210661-0005-R.jpg,falciparum,1,648.0,1358.0,723.0,1421.0,1
1307210661-0005-R.jpg,falciparum,1,1686.0,1359.0,1759.0,1432.0,1
1307210661-0005-R.jpg,falciparum,1,375.0,1546.0,441.0,1601.0,1
1307210661-0005-R.jpg,falciparum,1,1365.0,1571.0,1435.0,1620.0,1
1307210661-0005-R.jpg,falciparum,1,1003.0,1678.0,1071.0,1749.0,1
1307210661-0005-R.jpg,falciparum,1,676.0,1844.0,737.0,1903.0,1
1307210661-0006-R.jpg,falciparum,1,2433.0,137.0,2484.0,213.0,1
1307210661-0006-R.jpg,falciparum,1,2096.0,210.0,2157.0,266.0,1
1307210661-0006-R.jpg,falciparum,1,2321.0,417.0,2402.0,468.0,1
1307210661-0006-R.jpg,falciparum,1,2238.0,534.0,2300.0,593.0,1
1307210661-0006-R.jpg,falciparum,1,773.0,563.0,864.0,654.0,1
1307210661-0006-R.jpg,falciparum,1,315.0,713.0,396.0,770.0,1
1307210661-0006-R.jpg,falciparum,1,323.0,798.0,388.0,858.0,1
1307210661-0006-R.jpg,falciparum,1,489.0,840.0,572.0,899.0,1
1307210661-0006-R.jpg,falciparum,1,1031.0,938.0,1098.0,990.0,1
1307210661-0006-R.jpg,falciparum,1,281.0,977.0,351.0,1049.0,1
1307210661-0006-R.jpg,falciparum,1,1379.0,980.0,1449.0,1055.0,1
1307210661-0006-R.jpg,falciparum,1,1376.0,1056.0,1442.0,1128.0,1
1307210661-0006-R.jpg,falciparum,1,1740.0,1139.0,1806.0,1206.0,1
1307210661-0006-R.jpg,falciparum,1,2471.0,1176.0,2532.0,1235.0,1
1307210661-0006-R.jpg,falciparum,1,2360.0,1275.0,2421.0,1332.0,1
1307210661-0006-R.jpg,falciparum,1,439.0,1286.0,515.0,1373.0,1
1307210661-0006-R.jpg,falciparum,1,2111.0,1286.0,2193.0,1347.0,1
1307210661-0006-R.jpg,falciparum,1,812.0,1335.0,888.0,1398.0,1
1307210661-0006-R.jpg,falciparum,1,2316.0,1367.0,2367.0,1445.0,1
1307210661-0006-R.jpg,falciparum,1,1349.0,1390.0,1418.0,1453.0,1
1307210661-0006-R.jpg,falciparum,1,2219.0,1635.0,2298.0,1695.0,1
1307210661-0006-R.jpg,falciparum,1,1946.0,1727.0,2024.0,1808.0,1
1307210661-0006-R.jpg,falciparum,1,173.0,1763.0,245.0,1836.0,1
1307210661-0006-R.jpg,falciparum,1,1818.0,1773.0,1883.0,1851.0,1
1307210661-0006-R.jpg,falciparum,1,595.0,1777.0,666.0,1847.0,1
1307210661-0006-R.jpg,falciparum,1,762.0,1832.0,821.0,1895.0,1
1307210661-0007-R.jpg,falciparum,1,1184.0,98.0,1246.0,176.0,1
1307210661-0007-R.jpg,falciparum,1,550.0,200.0,606.0,272.0,1
1307210661-0007-R.jpg,falciparum,1,2317.0,249.0,2377.0,325.0,1
1307210661-0007-R.jpg,falciparum,1,29.0,258.0,96.0,321.0,1
1307210661-0007-R.jpg,falciparum,1,1033.0,359.0,1101.0,416.0,1
1307210661-0007-R.jpg,falciparum,1,2257.0,373.0,2319.0,442.0,1
1307210661-0007-R.jpg,falciparum,1,952.0,387.0,1000.0,449.0,1
1307210661-0007-R.jpg,falciparum,1,1847.0,471.0,1908.0,527.0,1
1307210661-0007-R.jpg,falciparum,1,1153.0,495.0,1233.0,566.0,1
1307210661-0007-R.jpg,falciparum,1,117.0,578.0,195.0,634.0,1
1307210661-0007-R.jpg,falciparum,1,2291.0,617.0,2352.0,680.0,1
1307210661-0007-R.jpg,falciparum,1,1967.0,788.0,2037.0,855.0,1
1307210661-0007-R.jpg,falciparum,1,1649.0,803.0,1705.0,893.0,1
1307210661-0007-R.jpg,falciparum,1,866.0,821.0,941.0,878.0,1
1307210661-0007-R.jpg,falciparum,1,1291.0,822.0,1344.0,869.0,1
1307210661-0007-R.jpg,falciparum,1,1347.0,833.0,1406.0,894.0,1
1307210661-0007-R.jpg,falciparum,1,914.0,855.0,980.0,915.0,1
1307210661-0007-R.jpg,falciparum,1,2042.0,887.0,2106.0,952.0,1
1307210661-0007-R.jpg,falciparum,1,56.0,931.0,123.0,999.0,1
1307210661-0007-R.jpg,falciparum,1,1509.0,1081.0,1557.0,1164.0,1
1307210661-0007-R.jpg,falciparum,1,1379.0,1100.0,1465.0,1161.0,1
1307210661-0007-R.jpg,falciparum,1,880.0,1230.0,981.0,1289.0,1
1307210661-0007-R.jpg,falciparum,1,1838.0,1232.0,1900.0,1313.0,1
1307210661-0007-R.jpg,falciparum,1,109.0,1280.0,174.0,1349.0,1
1307210661-0007-R.jpg,falciparum,1,1551.0,1358.0,1599.0,1423.0,1
1307210661-0007-R.jpg,falciparum,1,825.0,1457.0,897.0,1531.0,1
1307210661-0007-R.jpg,falciparum,1,978.0,1510.0,1051.0,1574.0,1
1307210661-0007-R.jpg,falciparum,1,116.0,1577.0,180.0,1659.0,1
1307210661-0007-R.jpg,falciparum,1,1926.0,1608.0,1989.0,1676.0,1
1307210661-0007-R.jpg,falciparum,1,1708.0,1753.0,1787.0,1795.0,1
1307210661-0007-R.jpg,falciparum,1,2265.0,1813.0,2345.0,1899.0,1
1307210661-0008-R.jpg,falciparum,1,1587.0,97.0,1642.0,153.0,1
1307210661-0008-R.jpg,falciparum,1,1709.0,294.0,1772.0,357.0,1
1307210661-0008-R.jpg,falciparum,1,1713.0,356.0,1781.0,413.0,1
1307210661-0008-R.jpg,falciparum,1,898.0,389.0,947.0,468.0,1
1307210661-0008-R.jpg,falciparum,1,1499.0,396.0,1557.0,451.0,1
1307210661-0008-R.jpg,falciparum,1,426.0,443.0,488.0,503.0,1
1307210661-0008-R.jpg,falciparum,1,1170.0,480.0,1249.0,557.0,1
1307210661-0008-R.jpg,falciparum,1,1844.0,665.0,1920.0,720.0,1
1307210661-0008-R.jpg,falciparum,1,1027.0,677.0,1112.0,733.0,1
1307210661-0008-R.jpg,falciparum,1,874.0,733.0,928.0,793.0,1
1307210661-0008-R.jpg,falciparum,1,1143.0,738.0,1206.0,803.0,1
1307210661-0008-R.jpg,falciparum,1,2338.0,838.0,2407.0,901.0,1
1307210661-0008-R.jpg,falciparum,1,1679.0,864.0,1733.0,931.0,1
1307210661-0008-R.jpg,falciparum,1,701.0,941.0,754.0,990.0,1
1307210661-0008-R.jpg,falciparum,1,708.0,1007.0,785.0,1054.0,1
1307210661-0008-R.jpg,falciparum,1,439.0,1027.0,502.0,1079.0,1
1307210661-0008-R.jpg,falciparum,1,1022.0,1041.0,1086.0,1106.0,1
1307210661-0008-R.jpg,falciparum,1,1511.0,1129.0,1572.0,1196.0,1
1307210661-0008-R.jpg,falciparum,1,1601.0,1129.0,1656.0,1189.0,1
1307210661-0008-R.jpg,falciparum,1,1283.0,1186.0,1350.0,1246.0,1
1307210661-0008-R.jpg,falciparum,1,1566.0,1277.0,1624.0,1330.0,1
1307210661-0008-R.jpg,falciparum,1,1182.0,1354.0,1247.0,1421.0,1
1307210661-0008-R.jpg,falciparum,1,971.0,1416.0,1137.0,1551.0,1
1307210661-0008-R.jpg,falciparum,1,1412.0,1454.0,1472.0,1501.0,1
1307210661-0008-R.jpg,falciparum,1,416.0,1472.0,481.0,1516.0,1
1307210661-0008-R.jpg,falciparum,1,725.0,1484.0,799.0,1555.0,1
1307210661-0008-R.jpg,falciparum,1,392.0,1492.0,450.0,1559.0,1
1307210661-0008-R.jpg,falciparum,1,1443.0,1520.0,1508.0,1583.0,1
1307210661-0008-R.jpg,falciparum,1,1386.0,1525.0,1443.0,1570.0,1
1307210661-0008-R.jpg,falciparum,1,1752.0,1546.0,1828.0,1612.0,1
1307210661-0008-R.jpg,falciparum,1,2058.0,1682.0,2164.0,1752.0,1
1307210661-0008-R.jpg,falciparum,1,1605.0,1694.0,1658.0,1779.0,1
1307210661-0009-R.jpg,falciparum,1,1119.0,129.0,1184.0,186.0,1
1307210661-0009-R.jpg,falciparum,1,1148.0,210.0,1204.0,264.0,1
1307210661-0009-R.jpg,falciparum,1,484.0,229.0,540.0,307.0,1
1307210661-0009-R.jpg,falciparum,1,1460.0,249.0,1526.0,317.0,1
1307210661-0009-R.jpg,falciparum,1,1904.0,379.0,1974.0,449.0,1
1307210661-0009-R.jpg,falciparum,1,2207.0,1000.0,2264.0,1067.0,1
1307210661-0009-R.jpg,falciparum,1,2268.0,1344.0,2341.0,1424.0,1
1307210661-0009-R.jpg,falciparum,1,1120.0,1448.0,1173.0,1514.0,1
1307210661-0009-R.jpg,falciparum,1,534.0,1622.0,598.0,1696.0,1
1307210661-0009-R.jpg,falciparum,1,2327.0,1767.0,2404.0,1839.0,1
1307210661-0009-R.jpg,falciparum,1,1265.0,1865.0,1325.0,1924.0,1
1307210661-0010-R.jpg,falciparum,1,1849.0,156.0,1906.0,210.0,1
1307210661-0010-R.jpg,falciparum,1,1621.0,175.0,1685.0,254.0,1
1307210661-0010-R.jpg,falciparum,1,2169.0,241.0,2221.0,303.0,1
1307210661-0010-R.jpg,falciparum,1,1427.0,252.0,1486.0,321.0,1
1307210661-0010-R.jpg,falciparum,1,174.0,263.0,233.0,316.0,1
1307210661-0010-R.jpg,falciparum,1,1839.0,496.0,1910.0,557.0,1
1307210661-0010-R.jpg,falciparum,1,622.0,560.0,681.0,616.0,1
1307210661-0010-R.jpg,falciparum,1,1010.0,601.0,1099.0,657.0,1
1307210661-0010-R.jpg,falciparum,1,2352.0,617.0,2414.0,677.0,1
1307210661-0010-R.jpg,falciparum,1,2316.0,620.0,2360.0,670.0,1
1307210661-0010-R.jpg,falciparum,1,980.0,677.0,1056.0,732.0,1
1307210661-0010-R.jpg,falciparum,1,105.0,687.0,153.0,774.0,1
1307210661-0010-R.jpg,falciparum,1,1113.0,729.0,1193.0,792.0,1
1307210661-0010-R.jpg,falciparum,1,1363.0,784.0,1431.0,848.0,1
1307210661-0010-R.jpg,falciparum,1,2012.0,784.0,2086.0,842.0,1
1307210661-0010-R.jpg,falciparum,1,1138.0,829.0,1217.0,892.0,1
1307210661-0010-R.jpg,falciparum,1,1624.0,914.0,1703.0,975.0,1
1307210661-0010-R.jpg,falciparum,1,2329.0,921.0,2388.0,982.0,1
1307210661-0010-R.jpg,falciparum,1,944.0,941.0,1006.0,1013.0,1
1307210661-0010-R.jpg,falciparum,1,53.0,951.0,118.0,999.0,1
1307210661-0010-R.jpg,falciparum,1,502.0,1026.0,549.0,1080.0,1
1307210661-0010-R.jpg,falciparum,1,567.0,1169.0,620.0,1228.0,1
1307210661-0010-R.jpg,falciparum,1,2089.0,1194.0,2136.0,1253.0,1
1307210661-0010-R.jpg,falciparum,1,693.0,1220.0,756.0,1276.0,1
1307210661-0010-R.jpg,falciparum,1,1663.0,1272.0,1722.0,1323.0,1
1307210661-0010-R.jpg,falciparum,1,1458.0,1287.0,1527.0,1368.0,1
1307210661-0010-R.jpg,falciparum,1,1603.0,1292.0,1657.0,1342.0,1
1307210661-0010-R.jpg,falciparum,1,1526.0,1302.0,1590.0,1367.0,1
1307210661-0010-R.jpg,falciparum,1,691.0,1325.0,811.0,1376.0,1
1307210661-0010-R.jpg,falciparum,1,1390.0,1326.0,1452.0,1382.0,1
1307210661-0010-R.jpg,falciparum,1,2006.0,1345.0,2063.0,1410.0,1
1307210661-0010-R.jpg,falciparum,1,1493.0,1405.0,1547.0,1465.0,1
1307210661-0010-R.jpg,falciparum,1,158.0,1438.0,209.0,1520.0,1
1307210661-0010-R.jpg,falciparum,1,909.0,1482.0,994.0,1543.0,1
1307210661-0010-R.jpg,falciparum,1,1952.0,1483.0,2008.0,1549.0,1
1307210661-0010-R.jpg,falciparum,1,614.0,1484.0,673.0,1576.0,1
1307210661-0010-R.jpg,falciparum,1,171.0,1508.0,223.0,1557.0,1
1307210661-0010-R.jpg,falciparum,1,2262.0,1513.0,2338.0,1584.0,1
1307210661-0010-R.jpg,falciparum,1,737.0,1571.0,806.0,1620.0,1
1307210661-0010-R.jpg,falciparum,1,2399.0,1686.0,2460.0,1741.0,1
1307210661-0010-R.jpg,falciparum,1,1826.0,1788.0,1908.0,1871.0,1
1307210661-0010-R.jpg,falciparum,1,2044.0,1793.0,2118.0,1844.0,1
1312132815-0001-G.jpg,malariae,3,1146.0,945.0,1244.0,1080.0,1
1312132815-0002-T.jpg,malariae,3,1311.0,986.0,1401.0,1061.0,1
1312132815-0003-G.jpg,malariae,3,1073.0,930.0,1176.0,1049.0,1
1312132815-0004-G.jpg,malariae,3,1362.0,980.0,1456.0,1083.0,1
1312132815-0005-G.jpg,malariae,3,1054.0,780.0,1171.0,877.0,1
1312132815-0008-G.jpg,malariae,3,1260.0,1117.0,1392.0,1247.0,1
1312132815-0008-G.jpg,malariae,3,1319.0,1678.0,1371.0,1719.0,1
1312132815-0009-G.jpg,malariae,3,1119.0,899.0,1249.0,1008.0,1
1312132815-0010-T.jpg,malariae,3,1038.0,872.0,1124.0,1002.0,1
1312132815-0011-S.jpg,malariae,3,1288.0,1079.0,1393.0,1175.0,1
1312132815-0012-S.jpg,malariae,3,1081.0,1055.0,1179.0,1167.0,1
1312132815-0013-S.jpg,malariae,3,1202.0,1146.0,1309.0,1252.0,1
1312132815-0014-S.jpg,malariae,3,1125.0,1051.0,1241.0,1176.0,1
1312132815-0015-S.jpg,malariae,3,1869.0,1008.0,1914.0,1044.0,1
1312132815-0015-S.jpg,malariae,3,1158.0,1033.0,1273.0,1133.0,1
1312132815-0016-T.jpg,malariae,3,1069.0,905.0,1178.0,971.0,1
1312132815-0017-T.jpg,malariae,3,1229.0,1082.0,1337.0,1183.0,1
1401063467-0001-S.jpg,malariae,3,1194.0,933.0,1305.0,1047.0,1
1401063467-0002-T.jpg,malariae,3,1174.0,1040.0,1255.0,1129.0,1
1401063467-0003-T.jpg,malariae,3,1207.0,911.0,1285.0,995.0,1
1401063467-0004-R_T.jpg,malariae,3,2041.0,268.0,2121.0,380.0,1
1401063467-0004-R_T.jpg,malariae,3,1254.0,1004.0,1331.0,1066.0,1
1401063467-0005-T.jpg,malariae,3,1071.0,920.0,1141.0,1008.0,1
1401063467-0006-T.jpg,malariae,3,1252.0,814.0,1330.0,885.0,1
1401063467-0007-S.jpg,malariae,3,1122.0,1068.0,1236.0,1191.0,1
1401063467-0008-S.jpg,malariae,3,1057.0,889.0,1166.0,994.0,1
1401063467-0009-T.jpg,malariae,3,1170.0,949.0,1228.0,1025.0,1
1401063467-0010-T.jpg,malariae,3,1116.0,943.0,1228.0,1030.0,1
1401063467-0011-G.jpg,malariae,3,1131.0,970.0,1215.0,1056.0,1
1401063467-0012-S.jpg,malariae,3,1241.0,1103.0,1339.0,1206.0,1
1401063467-0013-T.jpg,malariae,3,1240.0,1061.0,1343.0,1178.0,1
1401080976-0001-T.jpg,malariae,3,1181.0,1114.0,1285.0,1219.0,1
1401080976-0002-T.jpg,malariae,3,1130.0,986.0,1237.0,1092.0,1
1401080976-0003-T.jpg,malariae,3,574.0,597.0,655.0,670.0,1
1401080976-0003-T.jpg,malariae,3,1571.0,1156.0,1669.0,1272.0,1
1401080976-0004-T.jpg,malariae,3,1204.0,1164.0,1258.0,1225.0,1
1401080976-0005-T.jpg,malariae,3,1676.0,824.0,1778.0,913.0,1
1401080976-0005-T.jpg,malariae,3,878.0,1446.0,950.0,1521.0,1
1401080976-0006-T.jpg,malariae,3,1207.0,947.0,1282.0,1025.0,1
1401080976-0007-T.jpg,malariae,3,1118.0,831.0,1224.0,938.0,1
1401080976-0008-T.jpg,malariae,3,1170.0,954.0,1233.0,1017.0,1
1401080976-0009-S_T.jpg,malariae,3,1054.0,704.0,1116.0,758.0,1
1401080976-0009-S_T.jpg,malariae,3,1257.0,1155.0,1324.0,1238.0,1
1405022890-0001-R.jpg,falciparum,1,696.0,119.0,764.0,179.0,1
1405022890-0001-R.jpg,falciparum,1,1832.0,406.0,1896.0,466.0,1
1405022890-0001-R.jpg,falciparum,1,2392.0,565.0,2483.0,647.0,1
1405022890-0001-R.jpg,falciparum,1,1063.0,619.0,1145.0,688.0,1
1405022890-0001-R.jpg,falciparum,1,1526.0,637.0,1624.0,730.0,1
1405022890-0001-R.jpg,falciparum,1,1359.0,738.0,1420.0,814.0,1
1405022890-0001-R.jpg,falciparum,1,1848.0,832.0,1966.0,910.0,1
1405022890-0001-R.jpg,falciparum,1,1003.0,945.0,1083.0,1028.0,1
1405022890-0001-R.jpg,falciparum,1,1778.0,953.0,1847.0,1008.0,1
1405022890-0001-R.jpg,falciparum,1,1050.0,976.0,1118.0,1048.0,1
1405022890-0001-R.jpg,falciparum,1,1158.0,1087.0,1220.0,1160.0,1
1405022890-0001-R.jpg,falciparum,1,889.0,1166.0,969.0,1242.0,1
1405022890-0001-R.jpg,falciparum,1,2295.0,1512.0,2371.0,1573.0,1
1405022890-0002-R.jpg,falciparum,1,2026.0,72.0,2120.0,189.0,1
1405022890-0002-R.jpg,falciparum,1,1052.0,86.0,1133.0,152.0,1
1405022890-0002-R.jpg,falciparum,1,1058.0,147.0,1121.0,204.0,1
1405022890-0002-R.jpg,falciparum,1,921.0,265.0,1033.0,352.0,1
1405022890-0002-R.jpg,falciparum,1,923.0,557.0,990.0,650.0,1
1405022890-0002-R.jpg,falciparum,1,1126.0,829.0,1206.0,929.0,1
1405022890-0002-R.jpg,falciparum,1,48.0,834.0,127.0,922.0,1
1405022890-0002-R.jpg,falciparum,1,252.0,1062.0,338.0,1150.0,1
1405022890-0002-R.jpg,falciparum,1,1191.0,1070.0,1258.0,1138.0,1
1405022890-0002-R.jpg,falciparum,1,2256.0,1156.0,2356.0,1236.0,1
1405022890-0002-R.jpg,falciparum,1,898.0,1213.0,970.0,1289.0,1
1405022890-0002-R.jpg,falciparum,1,1503.0,1238.0,1592.0,1319.0,1
1405022890-0002-R.jpg,falciparum,1,754.0,1262.0,824.0,1359.0,1
1405022890-0002-R.jpg,falciparum,1,1298.0,1320.0,1379.0,1409.0,1
1405022890-0002-R.jpg,falciparum,1,1613.0,1331.0,1706.0,1408.0,1
1405022890-0002-R.jpg,falciparum,1,676.0,1776.0,748.0,1841.0,1
1405022890-0002-R.jpg,falciparum,1,2410.0,1786.0,2490.0,1852.0,1
1405022890-0002-R.jpg,falciparum,1,667.0,1859.0,748.0,1915.0,1
1405022890-0003-R.jpg,falciparum,1,1971.0,65.0,2065.0,160.0,1
1405022890-0003-R.jpg,falciparum,1,239.0,204.0,306.0,269.0,1
1405022890-0003-R.jpg,falciparum,1,448.0,226.0,521.0,300.0,1
1405022890-0003-R.jpg,falciparum,1,1867.0,234.0,1960.0,318.0,1
1405022890-0003-R.jpg,falciparum,1,28.0,318.0,94.0,416.0,1
1405022890-0003-R.jpg,falciparum,1,2477.0,363.0,2545.0,434.0,1
1405022890-0003-R.jpg,falciparum,1,1448.0,384.0,1532.0,460.0,1
1405022890-0003-R.jpg,falciparum,1,912.0,484.0,988.0,565.0,1
1405022890-0003-R.jpg,falciparum,1,1354.0,520.0,1442.0,612.0,1
1405022890-0003-R.jpg,falciparum,1,1824.0,637.0,1891.0,702.0,1
1405022890-0003-R.jpg,falciparum,1,2211.0,637.0,2293.0,707.0,1
1405022890-0003-R.jpg,falciparum,1,1757.0,639.0,1833.0,712.0,1
1405022890-0003-R.jpg,falciparum,1,1789.0,715.0,1887.0,780.0,1
1405022890-0003-R.jpg,falciparum,1,251.0,723.0,316.0,805.0,1
1405022890-0003-R.jpg,falciparum,1,288.0,772.0,352.0,855.0,1
1405022890-0003-R.jpg,falciparum,1,750.0,841.0,820.0,911.0,1
1405022890-0003-R.jpg,falciparum,1,1078.0,962.0,1144.0,1020.0,1
1405022890-0003-R.jpg,falciparum,1,1896.0,1100.0,1971.0,1206.0,1
1405022890-0003-R.jpg,falciparum,1,2079.0,1144.0,2157.0,1236.0,1
1405022890-0003-R.jpg,falciparum,1,1184.0,1406.0,1253.0,1473.0,1
1405022890-0003-R.jpg,falciparum,1,915.0,1411.0,996.0,1481.0,1
1405022890-0003-R.jpg,falciparum,1,46.0,1494.0,116.0,1563.0,1
1405022890-0003-R.jpg,falciparum,1,1124.0,1569.0,1183.0,1645.0,1
1405022890-0003-R.jpg,falciparum,1,967.0,1674.0,1028.0,1735.0,1
1405022890-0004-R.jpg,falciparum,1,2398.0,94.0,2493.0,207.0,1
1405022890-0004-R.jpg,falciparum,1,1383.0,181.0,1485.0,272.0,1
1405022890-0004-R.jpg,falciparum,1,1845.0,228.0,1949.0,321.0,1
1405022890-0004-R.jpg,falciparum,1,1123.0,381.0,1215.0,464.0,1
1405022890-0004-R.jpg,falciparum,1,1849.0,397.0,1934.0,501.0,1
1405022890-0004-R.jpg,falciparum,1,1428.0,480.0,1514.0,552.0,1
1405022890-0004-R.jpg,falciparum,1,1495.0,555.0,1577.0,626.0,1
1405022890-0004-R.jpg,falciparum,1,54.0,648.0,155.0,743.0,1
1405022890-0004-R.jpg,falciparum,1,1689.0,699.0,1749.0,774.0,1
1405022890-0004-R.jpg,falciparum,1,1864.0,999.0,1982.0,1112.0,1
1405022890-0004-R.jpg,falciparum,1,556.0,1218.0,638.0,1296.0,1
1405022890-0004-R.jpg,falciparum,1,1789.0,1270.0,1881.0,1370.0,1
1405022890-0004-R.jpg,falciparum,1,913.0,1299.0,1020.0,1407.0,1
1405022890-0004-R.jpg,falciparum,1,816.0,1354.0,885.0,1439.0,1
1405022890-0004-R.jpg,falciparum,1,934.0,1428.0,998.0,1500.0,1
1405022890-0004-R.jpg,falciparum,1,1005.0,1432.0,1077.0,1532.0,1
1405022890-0004-R.jpg,falciparum,1,993.0,1677.0,1082.0,1772.0,1
1405022890-0004-R.jpg,falciparum,1,1509.0,1735.0,1614.0,1830.0,1
1405022890-0004-R.jpg,falciparum,1,1834.0,1809.0,1932.0,1896.0,1
1405022890-0005-R.jpg,falciparum,1,2016.0,18.0,2107.0,97.0,1
1405022890-0005-R.jpg,falciparum,1,2052.0,241.0,2112.0,299.0,1
1405022890-0005-R.jpg,falciparum,1,2120.0,280.0,2180.0,354.0,1
1405022890-0005-R.jpg,falciparum,1,1583.0,407.0,1691.0,492.0,1
1405022890-0005-R.jpg,falciparum,1,1754.0,451.0,1842.0,529.0,1
1405022890-0005-R.jpg,falciparum,1,691.0,504.0,769.0,605.0,1
1405022890-0005-R.jpg,falciparum,1,806.0,671.0,882.0,761.0,1
1405022890-0005-R.jpg,falciparum,1,1572.0,836.0,1656.0,908.0,1
1405022890-0005-R.jpg,falciparum,1,2457.0,883.0,2530.0,962.0,1
1405022890-0005-R.jpg,falciparum,1,2257.0,1051.0,2332.0,1121.0,1
1405022890-0005-R.jpg,falciparum,1,556.0,1192.0,649.0,1263.0,1
1405022890-0005-R.jpg,falciparum,1,2155.0,1274.0,2231.0,1340.0,1
1405022890-0005-R.jpg,falciparum,1,2240.0,1406.0,2323.0,1482.0,1
1405022890-0005-R.jpg,falciparum,1,1964.0,1446.0,2080.0,1522.0,1
1405022890-0005-R.jpg,falciparum,1,446.0,1576.0,528.0,1646.0,1
1405022890-0005-R.jpg,falciparum,1,2259.0,1598.0,2339.0,1679.0,1
1405022890-0005-R.jpg,falciparum,1,820.0,1787.0,900.0,1870.0,1
1405022890-0006-R.jpg,falciparum,1,826.0,49.0,912.0,147.0,1
1405022890-0006-R.jpg,falciparum,1,2278.0,184.0,2349.0,257.0,1
1405022890-0006-R.jpg,falciparum,1,2448.0,290.0,2514.0,352.0,1
1405022890-0006-R.jpg,falciparum,1,235.0,399.0,321.0,486.0,1
1405022890-0006-R.jpg,falciparum,1,408.0,420.0,483.0,500.0,1
1405022890-0006-R.jpg,falciparum,1,172.0,427.0,239.0,497.0,1
1405022890-0006-R.jpg,falciparum,1,1072.0,458.0,1129.0,542.0,1
1405022890-0006-R.jpg,falciparum,1,1602.0,568.0,1667.0,651.0,1
1405022890-0006-R.jpg,falciparum,1,736.0,573.0,804.0,660.0,1
1405022890-0006-R.jpg,falciparum,1,1222.0,640.0,1302.0,750.0,1
1405022890-0006-R.jpg,falciparum,1,619.0,790.0,686.0,901.0,1
1405022890-0006-R.jpg,falciparum,1,1865.0,876.0,1939.0,934.0,1
1405022890-0006-R.jpg,falciparum,1,1884.0,926.0,1956.0,978.0,1
1405022890-0006-R.jpg,falciparum,1,799.0,1127.0,858.0,1195.0,1
1405022890-0006-R.jpg,falciparum,1,1238.0,1372.0,1322.0,1458.0,1
1405022890-0006-R.jpg,falciparum,1,508.0,1582.0,588.0,1657.0,1
1405022890-0006-R.jpg,falciparum,1,2209.0,1607.0,2296.0,1682.0,1
1405022890-0006-R.jpg,falciparum,1,1696.0,1690.0,1761.0,1760.0,1
1405022890-0006-R.jpg,falciparum,1,2016.0,1723.0,2104.0,1800.0,1
1408161544-0001-S_R.jpg,falciparum,1,1009.0,578.0,1196.0,741.0,1
1408161544-0001-S_R.jpg,falciparum,1,1476.0,1719.0,1546.0,1798.0,1
1408161544-0002-R_S.jpg,falciparum,1,1218.0,640.0,1378.0,796.0,1
1408161544-0002-R_S.jpg,falciparum,1,1498.0,1138.0,1586.0,1236.0,1
1408161544-0002-R_S.jpg,falciparum,1,1152.0,1272.0,1223.0,1374.0,1
1408161544-0003-R_S.jpg,falciparum,1,662.0,8.0,735.0,72.0,1
1408161544-0003-R_S.jpg,falciparum,1,1030.0,677.0,1178.0,823.0,1
1408290968-0001-R.jpg,falciparum,1,1284.0,904.0,1368.0,987.0,1
1408290968-0002-R.jpg,falciparum,1,1327.0,892.0,1406.0,992.0,1
1408290968-0003-R.jpg,falciparum,1,1168.0,690.0,1268.0,826.0,1
1409171742-0001-R.jpg,falciparum,1,463.0,986.0,563.0,1069.0,1
1409171742-0001-R.jpg,falciparum,1,1390.0,1327.0,1467.0,1430.0,1
1409171742-0002-R.jpg,falciparum,1,1158.0,258.0,1250.0,328.0,1
1409171742-0002-R.jpg,falciparum,1,2198.0,1186.0,2288.0,1257.0,1
1409171742-0002-R.jpg,falciparum,1,1206.0,1714.0,1273.0,1796.0,1
1409171742-0003-R.jpg,falciparum,1,484.0,216.0,607.0,327.0,1
1409171742-0003-R.jpg,falciparum,1,533.0,546.0,635.0,643.0,1
1409171742-0003-R.jpg,falciparum,1,1325.0,657.0,1422.0,780.0,1
1409171742-0003-R.jpg,falciparum,1,1476.0,1395.0,1558.0,1478.0,1
1409171742-0004-R.jpg,falciparum,1,1375.0,174.0,1452.0,255.0,1
1409171742-0004-R.jpg,falciparum,1,1003.0,1633.0,1095.0,1715.0,1
1409171742-0005-R.jpg,falciparum,1,1213.0,699.0,1355.0,823.0,1
1409171742-0005-R.jpg,falciparum,1,1155.0,1306.0,1277.0,1405.0,1
1409171742-0006-R.jpg,falciparum,1,1870.0,796.0,1943.0,888.0,1
1409171742-0006-R.jpg,falciparum,1,2047.0,851.0,2147.0,966.0,1
1409171742-0006-R.jpg,falciparum,1,467.0,985.0,565.0,1080.0,1
1409171742-0007-R.jpg,falciparum,1,178.0,799.0,267.0,886.0,1
1409171742-0007-R.jpg,falciparum,1,1592.0,816.0,1688.0,893.0,1
1409171742-0007-R.jpg,falciparum,1,1918.0,1372.0,2007.0,1470.0,1
1409171742-0007-R.jpg,falciparum,1,550.0,1636.0,649.0,1732.0,1
1409171742-0008-R.jpg,falciparum,1,747.0,436.0,867.0,524.0,1
1409171742-0008-R.jpg,falciparum,1,652.0,1336.0,759.0,1436.0,1
1409171742-0008-R.jpg,falciparum,1,1947.0,1450.0,2057.0,1542.0,1
1409171742-0008-R.jpg,falciparum,1,2284.0,1512.0,2400.0,1610.0,1
1409171742-0009-R.jpg,falciparum,1,352.0,90.0,486.0,212.0,1
1409171742-0009-R.jpg,falciparum,1,351.0,520.0,455.0,633.0,1
1409171742-0009-R.jpg,falciparum,1,363.0,690.0,456.0,800.0,1
1409171742-0009-R.jpg,falciparum,1,2022.0,792.0,2087.0,870.0,1
1409171742-0009-R.jpg,falciparum,1,1671.0,1203.0,1749.0,1329.0,1
1409171742-0009-R.jpg,falciparum,1,2007.0,1527.0,2121.0,1619.0,1
1409171742-0010-R.jpg,falciparum,1,1294.0,75.0,1392.0,166.0,1
1409171742-0010-R.jpg,falciparum,1,760.0,956.0,867.0,1056.0,1
1409171742-0010-R.jpg,falciparum,1,942.0,956.0,1034.0,1054.0,1
1409171742-0010-R.jpg,falciparum,1,622.0,1054.0,708.0,1146.0,1
1409171742-0010-R.jpg,falciparum,1,1604.0,1415.0,1709.0,1516.0,1
1409191647-0001-R.jpg,falciparum,1,964.0,644.0,1037.0,721.0,1
1409191647-0002-R.jpg,falciparum,1,1084.0,714.0,1188.0,801.0,1
1409191647-0003-R.jpg,falciparum,1,1321.0,718.0,1409.0,818.0,1
1409191647-0003-R.jpg,falciparum,1,1299.0,849.0,1398.0,926.0,1
1409191647-0003-R.jpg,falciparum,1,733.0,1065.0,804.0,1142.0,1
1409191647-0003-R.jpg,falciparum,1,1009.0,1227.0,1085.0,1311.0,1
1409191647-0004-R.jpg,falciparum,1,1273.0,597.0,1350.0,663.0,1
1409191647-0004-R.jpg,falciparum,1,807.0,643.0,876.0,722.0,1
1409191647-0004-R.jpg,falciparum,1,1074.0,943.0,1157.0,1004.0,1
1409191647-0004-R.jpg,falciparum,1,1597.0,1024.0,1674.0,1116.0,1
1409191647-0005-R.jpg,falciparum,1,1878.0,613.0,2000.0,720.0,1
1409191647-0005-R.jpg,falciparum,1,753.0,729.0,852.0,822.0,1
1409191647-0005-R.jpg,falciparum,1,790.0,1057.0,894.0,1146.0,1
1409191647-0005-R.jpg,falciparum,1,1503.0,1150.0,1598.0,1241.0,1
1409191647-0006-R.jpg,falciparum,1,1516.0,199.0,1605.0,284.0,1
1409191647-0006-R.jpg,falciparum,1,1153.0,599.0,1239.0,666.0,1
1409191647-0006-R.jpg,falciparum,1,1180.0,660.0,1240.0,712.0,1
1409191647-0006-R.jpg,falciparum,1,2220.0,1558.0,2315.0,1646.0,1
1409191647-0006-R.jpg,falciparum,1,1381.0,1803.0,1458.0,1879.0,1
1409191647-0007-R.jpg,falciparum,1,1214.0,829.0,1287.0,903.0,1
1409191647-0008-T.jpg,falciparum,1,1087.0,890.0,1177.0,978.0,1
1409191647-0009-R.jpg,falciparum,1,190.0,443.0,260.0,513.0,1
1409191647-0009-R.jpg,falciparum,1,1232.0,548.0,1294.0,628.0,1
1409191647-0009-R.jpg,falciparum,1,1179.0,563.0,1270.0,667.0,1
1409191647-0009-R.jpg,falciparum,1,1229.0,890.0,1300.0,979.0,1
1409191647-0009-R.jpg,falciparum,1,1937.0,909.0,2039.0,1021.0,1
1409191647-0009-R.jpg,falciparum,1,451.0,1097.0,538.0,1199.0,1
1409191647-0009-R.jpg,falciparum,1,104.0,1147.0,201.0,1253.0,1
1409191647-0010-R.jpg,falciparum,1,1965.0,388.0,2042.0,492.0,1
1409191647-0010-R.jpg,falciparum,1,49.0,435.0,144.0,504.0,1
1409191647-0010-R.jpg,falciparum,1,1393.0,661.0,1485.0,755.0,1
1409191647-0010-R.jpg,falciparum,1,433.0,700.0,555.0,780.0,1
1409191647-0010-R.jpg,falciparum,1,1341.0,1239.0,1422.0,1317.0,1
1603223711-0001-G.jpg,falciparum,1,1149.0,917.0,1373.0,993.0,1
1603223711-0002-T_G.jpg,falciparum,1,1070.0,475.0,1106.0,518.0,1
1603223711-0002-T_G.jpg,falciparum,1,1343.0,1010.0,1535.0,1117.0,1
1603223711-0003-G_R.jpg,falciparum,1,1534.0,557.0,1579.0,605.0,1
1603223711-0003-G_R.jpg,falciparum,1,1024.0,1331.0,1215.0,1448.0,1
1603223711-0004-R.jpg,falciparum,1,2150.0,801.0,2199.0,847.0,1
1603223711-0004-R.jpg,falciparum,1,884.0,1193.0,944.0,1251.0,1
1603223711-0005-G.jpg,falciparum,1,1047.0,611.0,1224.0,704.0,1
1603223711-0006-G.jpg,falciparum,1,1117.0,599.0,1296.0,685.0,1
1701151546-0001-R_T_S.jpg,falciparum,1,1677.0,167.0,1709.0,198.0,1
1701151546-0001-R_T_S.jpg,falciparum,1,2479.0,303.0,2556.0,369.0,1
1701151546-0001-R_T_S.jpg,falciparum,1,1027.0,582.0,1070.0,627.0,1
1701151546-0001-R_T_S.jpg,falciparum,1,1285.0,1011.0,1376.0,1121.0,1
1701151546-0001-R_T_S.jpg,falciparum,1,309.0,1048.0,374.0,1109.0,1
1701151546-0001-R_T_S.jpg,falciparum,1,1964.0,1089.0,2015.0,1138.0,1
1701151546-0001-R_T_S.jpg,falciparum,1,145.0,1123.0,187.0,1165.0,1
1701151546-0001-R_T_S.jpg,falciparum,1,550.0,1292.0,610.0,1338.0,1
1701151546-0001-R_T_S.jpg,falciparum,1,1013.0,1573.0,1050.0,1610.0,1
1701151546-0001-R_T_S.jpg,falciparum,1,2473.0,1657.0,2522.0,1689.0,1
1701151546-0001-R_T_S.jpg,falciparum,1,6.0,1779.0,65.0,1826.0,1
1701151546-0001-R_T_S.jpg,falciparum,1,1325.0,1804.0,1361.0,1844.0,1
1701151546-0001-R_T_S.jpg,falciparum,1,609.0,1875.0,656.0,1925.0,1
1701151546-0002-R.jpg,falciparum,1,719.0,104.0,766.0,148.0,1
1701151546-0002-R.jpg,falciparum,1,1179.0,163.0,1228.0,205.0,1
1701151546-0002-R.jpg,falciparum,1,1046.0,291.0,1084.0,335.0,1
1701151546-0002-R.jpg,falciparum,1,32.0,564.0,70.0,604.0,1
1701151546-0002-R.jpg,falciparum,1,535.0,573.0,585.0,625.0,1
1701151546-0002-R.jpg,falciparum,1,634.0,650.0,681.0,700.0,1
1701151546-0002-R.jpg,falciparum,1,1382.0,773.0,1432.0,819.0,1
1701151546-0002-R.jpg,falciparum,1,2374.0,908.0,2417.0,952.0,1
1701151546-0002-R.jpg,falciparum,1,1960.0,975.0,2005.0,1020.0,1
1701151546-0002-R.jpg,falciparum,1,58.0,1078.0,95.0,1116.0,1
1701151546-0002-R.jpg,falciparum,1,87.0,1115.0,130.0,1158.0,1
1701151546-0002-R.jpg,falciparum,1,855.0,1116.0,906.0,1165.0,1
1701151546-0002-R.jpg,falciparum,1,1619.0,1195.0,1687.0,1259.0,1
1701151546-0002-R.jpg,falciparum,1,2019.0,1396.0,2069.0,1445.0,1
1701151546-0002-R.jpg,falciparum,1,40.0,1409.0,91.0,1460.0,1
1701151546-0002-R.jpg,falciparum,1,365.0,1410.0,407.0,1453.0,1
1701151546-0002-R.jpg,falciparum,1,2391.0,1881.0,2439.0,1926.0,1
1701151546-0003-R.jpg,falciparum,1,1297.0,6.0,1344.0,45.0,1
1701151546-0003-R.jpg,falciparum,1,472.0,18.0,509.0,55.0,1
1701151546-0003-R.jpg,falciparum,1,62.0,467.0,105.0,506.0,1
1701151546-0003-R.jpg,falciparum,1,1058.0,855.0,1089.0,885.0,1
1701151546-0003-R.jpg,falciparum,1,1720.0,898.0,1771.0,947.0,1
1701151546-0003-R.jpg,falciparum,1,1974.0,901.0,2028.0,947.0,1
1701151546-0003-R.jpg,falciparum,1,666.0,934.0,714.0,993.0,1
1701151546-0003-R.jpg,falciparum,1,1318.0,968.0,1363.0,1019.0,1
1701151546-0003-R.jpg,falciparum,1,476.0,988.0,517.0,1024.0,1
1701151546-0003-R.jpg,falciparum,1,83.0,1075.0,124.0,1117.0,1
1701151546-0003-R.jpg,falciparum,1,247.0,1474.0,298.0,1526.0,1
1701151546-0003-R.jpg,falciparum,1,2119.0,1718.0,2162.0,1758.0,1
1701151546-0003-R.jpg,falciparum,1,2407.0,1772.0,2455.0,1815.0,1
1701151546-0003-R.jpg,falciparum,1,2452.0,1789.0,2497.0,1827.0,1
1701151546-0003-R.jpg,falciparum,1,1806.0,1840.0,1832.0,1874.0,1
1701151546-0004-R_T.jpg,falciparum,1,318.0,295.0,376.0,359.0,1
1701151546-0004-R_T.jpg,falciparum,1,1449.0,301.0,1500.0,346.0,1
1701151546-0004-R_T.jpg,falciparum,1,2324.0,374.0,2381.0,457.0,1
1701151546-0004-R_T.jpg,falciparum,1,1436.0,430.0,1512.0,514.0,1
1701151546-0004-R_T.jpg,falciparum,1,1010.0,454.0,1055.0,499.0,1
1701151546-0004-R_T.jpg,falciparum,1,2491.0,457.0,2536.0,496.0,1
1701151546-0004-R_T.jpg,falciparum,1,503.0,568.0,534.0,599.0,1
1701151546-0004-R_T.jpg,falciparum,1,1185.0,618.0,1219.0,656.0,1
1701151546-0004-R_T.jpg,falciparum,1,807.0,628.0,860.0,678.0,1
1701151546-0004-R_T.jpg,falciparum,1,1073.0,636.0,1127.0,690.0,1
1701151546-0004-R_T.jpg,falciparum,1,1406.0,644.0,1444.0,674.0,1
1701151546-0004-R_T.jpg,falciparum,1,2277.0,728.0,2322.0,773.0,1
1701151546-0004-R_T.jpg,falciparum,1,1577.0,776.0,1618.0,817.0,1
1701151546-0004-R_T.jpg,falciparum,1,1526.0,854.0,1570.0,891.0,1
1701151546-0004-R_T.jpg,falciparum,1,1370.0,894.0,1417.0,942.0,1
1701151546-0004-R_T.jpg,falciparum,1,1522.0,907.0,1567.0,955.0,1
1701151546-0004-R_T.jpg,falciparum,1,61.0,920.0,107.0,966.0,1
1701151546-0004-R_T.jpg,falciparum,1,297.0,1000.0,338.0,1037.0,1
1701151546-0004-R_T.jpg,falciparum,1,1653.0,1308.0,1696.0,1344.0,1
1701151546-0004-R_T.jpg,falciparum,1,748.0,1449.0,800.0,1492.0,1
1701151546-0004-R_T.jpg,falciparum,1,1368.0,1494.0,1413.0,1536.0,1
1701151546-0004-R_T.jpg,falciparum,1,696.0,1662.0,736.0,1695.0,1
1701151546-0004-R_T.jpg,falciparum,1,1494.0,1751.0,1548.0,1805.0,1
1701151546-0004-R_T.jpg,falciparum,1,2163.0,1827.0,2209.0,1870.0,1
1701151546-0005-R.jpg,falciparum,1,2311.0,64.0,2352.0,105.0,1
1701151546-0005-R.jpg,falciparum,1,61.0,317.0,105.0,351.0,1
1701151546-0005-R.jpg,falciparum,1,1924.0,340.0,1965.0,383.0,1
1701151546-0005-R.jpg,falciparum,1,108.0,363.0,139.0,402.0,1
1701151546-0005-R.jpg,falciparum,1,1122.0,391.0,1168.0,438.0,1
1701151546-0005-R.jpg,falciparum,1,421.0,439.0,462.0,471.0,1
1701151546-0005-R.jpg,falciparum,1,431.0,486.0,470.0,522.0,1
1701151546-0005-R.jpg,falciparum,1,666.0,548.0,712.0,591.0,1
1701151546-0005-R.jpg,falciparum,1,547.0,582.0,588.0,620.0,1
1701151546-0005-R.jpg,falciparum,1,1590.0,727.0,1629.0,765.0,1
1701151546-0005-R.jpg,falciparum,1,516.0,750.0,557.0,800.0,1
1701151546-0005-R.jpg,falciparum,1,2504.0,896.0,2544.0,934.0,1
1701151546-0005-R.jpg,falciparum,1,2302.0,1094.0,2352.0,1141.0,1
1701151546-0005-R.jpg,falciparum,1,1258.0,1175.0,1312.0,1220.0,1
1701151546-0005-R.jpg,falciparum,1,578.0,1252.0,627.0,1306.0,1
1701151546-0005-R.jpg,falciparum,1,371.0,1471.0,422.0,1523.0,1
1701151546-0005-R.jpg,falciparum,1,1135.0,1550.0,1181.0,1598.0,1
1701151546-0005-R.jpg,falciparum,1,1247.0,1585.0,1286.0,1623.0,1
1701151546-0005-R.jpg,falciparum,1,1289.0,1591.0,1334.0,1636.0,1
1701151546-0005-R.jpg,falciparum,1,687.0,1598.0,724.0,1637.0,1
1701151546-0005-R.jpg,falciparum,1,1385.0,1712.0,1426.0,1771.0,1
1701151546-0005-R.jpg,falciparum,1,1416.0,1758.0,1465.0,1813.0,1
1701151546-0005-R.jpg,falciparum,1,42.0,1824.0,78.0,1859.0,1
1701151546-0005-R.jpg,falciparum,1,1711.0,1837.0,1750.0,1869.0,1
1701151546-0005-R.jpg,falciparum,1,730.0,1855.0,786.0,1909.0,1
1701151546-0006-R_T.jpg,falciparum,1,2327.0,2.0,2380.0,50.0,1
1701151546-0006-R_T.jpg,falciparum,1,2279.0,12.0,2326.0,63.0,1
1701151546-0006-R_T.jpg,falciparum,1,885.0,49.0,915.0,86.0,1
1701151546-0006-R_T.jpg,falciparum,1,452.0,161.0,514.0,221.0,1
1701151546-0006-R_T.jpg,falciparum,1,1006.0,173.0,1052.0,215.0,1
1701151546-0006-R_T.jpg,falciparum,1,705.0,333.0,748.0,375.0,1
1701151546-0006-R_T.jpg,falciparum,1,1533.0,459.0,1566.0,494.0,1
1701151546-0006-R_T.jpg,falciparum,1,1195.0,600.0,1228.0,646.0,1
1701151546-0006-R_T.jpg,falciparum,1,1749.0,681.0,1830.0,754.0,1
1701151546-0006-R_T.jpg,falciparum,1,1415.0,845.0,1457.0,887.0,1
1701151546-0006-R_T.jpg,falciparum,1,1369.0,861.0,1424.0,904.0,1
1701151546-0006-R_T.jpg,falciparum,1,720.0,940.0,775.0,986.0,1
1701151546-0006-R_T.jpg,falciparum,1,1885.0,1009.0,1923.0,1058.0,1
1701151546-0006-R_T.jpg,falciparum,1,1795.0,1030.0,1820.0,1078.0,1
1701151546-0006-R_T.jpg,falciparum,1,1390.0,1495.0,1434.0,1542.0,1
1701151546-0006-R_T.jpg,falciparum,1,2151.0,1651.0,2202.0,1704.0,1
1701151546-0006-R_T.jpg,falciparum,1,679.0,1652.0,727.0,1697.0,1
1701151546-0006-R_T.jpg,falciparum,1,539.0,1736.0,589.0,1794.0,1
1701151546-0006-R_T.jpg,falciparum,1,1542.0,1805.0,1589.0,1842.0,1
1701151546-0007-R.jpg,falciparum,1,572.0,16.0,617.0,63.0,1
1701151546-0007-R.jpg,falciparum,1,2074.0,46.0,2133.0,100.0,1
1701151546-0007-R.jpg,falciparum,1,1964.0,89.0,2014.0,136.0,1
1701151546-0007-R.jpg,falciparum,1,2203.0,366.0,2252.0,416.0,1
1701151546-0007-R.jpg,falciparum,1,825.0,379.0,867.0,411.0,1
1701151546-0007-R.jpg,falciparum,1,387.0,430.0,438.0,467.0,1
1701151546-0007-R.jpg,falciparum,1,1923.0,431.0,1965.0,475.0,1
1701151546-0007-R.jpg,falciparum,1,713.0,554.0,767.0,596.0,1
1701151546-0007-R.jpg,falciparum,1,1046.0,578.0,1097.0,633.0,1
1701151546-0007-R.jpg,falciparum,1,354.0,597.0,391.0,639.0,1
1701151546-0007-R.jpg,falciparum,1,884.0,722.0,931.0,768.0,1
1701151546-0007-R.jpg,falciparum,1,69.0,736.0,114.0,779.0,1
1701151546-0007-R.jpg,falciparum,1,930.0,862.0,974.0,912.0,1
1701151546-0007-R.jpg,falciparum,1,997.0,981.0,1047.0,1030.0,1
1701151546-0007-R.jpg,falciparum,1,2285.0,1020.0,2326.0,1066.0,1
1701151546-0007-R.jpg,falciparum,1,471.0,1092.0,514.0,1132.0,1
1701151546-0007-R.jpg,falciparum,1,522.0,1129.0,566.0,1172.0,1
1701151546-0007-R.jpg,falciparum,1,162.0,1134.0,217.0,1185.0,1
1701151546-0007-R.jpg,falciparum,1,15.0,1145.0,60.0,1191.0,1
1701151546-0007-R.jpg,falciparum,1,1364.0,1144.0,1396.0,1182.0,1
1701151546-0007-R.jpg,falciparum,1,1375.0,1180.0,1417.0,1219.0,1
1701151546-0007-R.jpg,falciparum,1,1113.0,1207.0,1152.0,1247.0,1
1701151546-0007-R.jpg,falciparum,1,1875.0,1315.0,1921.0,1351.0,1
1701151546-0007-R.jpg,falciparum,1,2475.0,1508.0,2523.0,1542.0,1
1701151546-0007-R.jpg,falciparum,1,357.0,1528.0,404.0,1579.0,1
1701151546-0007-R.jpg,falciparum,1,296.0,1543.0,341.0,1590.0,1
1701151546-0007-R.jpg,falciparum,1,502.0,1888.0,559.0,1933.0,1
1701151546-0008-R-T.jpg,falciparum,1,1142.0,499.0,1210.0,569.0,1
1701151546-0008-R-T.jpg,falciparum,1,1250.0,861.0,1290.0,901.0,1
1701151546-0008-R-T.jpg,falciparum,1,422.0,1200.0,462.0,1240.0,1
1701151546-0008-R-T.jpg,falciparum,1,550.0,1239.0,598.0,1287.0,1
1701151546-0008-R-T.jpg,falciparum,1,2278.0,1257.0,2324.0,1302.0,1
1701151546-0008-R-T.jpg,falciparum,1,752.0,1340.0,786.0,1375.0,1
1701151546-0008-R-T.jpg,falciparum,1,1308.0,1367.0,1345.0,1403.0,1
1701151546-0008-R-T.jpg,falciparum,1,1087.0,1476.0,1123.0,1512.0,1
1701151546-0008-R-T.jpg,falciparum,1,930.0,1491.0,963.0,1524.0,1
1701151546-0008-R-T.jpg,falciparum,1,412.0,1496.0,460.0,1544.0,1
1701151546-0008-R-T.jpg,falciparum,1,1452.0,1496.0,1484.0,1528.0,1
1701151546-0008-R-T.jpg,falciparum,1,2107.0,1537.0,2151.0,1580.0,1
1701151546-0008-R-T.jpg,falciparum,1,1611.0,1762.0,1648.0,1799.0,1
1701151546-0008-R-T.jpg,falciparum,1,218.0,1764.0,254.0,1800.0,1
1701151546-0008-R-T.jpg,falciparum,1,322.0,1820.0,367.0,1865.0,1
1701151546-0009-R.jpg,falciparum,1,530.0,284.0,568.0,330.0,1
1701151546-0009-R.jpg,falciparum,1,1658.0,345.0,1703.0,388.0,1
1701151546-0009-R.jpg,falciparum,1,1677.0,394.0,1715.0,428.0,1
1701151546-0009-R.jpg,falciparum,1,540.0,740.0,583.0,790.0,1
1701151546-0009-R.jpg,falciparum,1,1833.0,740.0,1878.0,790.0,1
1701151546-0009-R.jpg,falciparum,1,1878.0,744.0,1905.0,777.0,1
1701151546-0009-R.jpg,falciparum,1,460.0,758.0,504.0,804.0,1
1701151546-0009-R.jpg,falciparum,1,2208.0,801.0,2264.0,852.0,1
1701151546-0009-R.jpg,falciparum,1,243.0,825.0,287.0,868.0,1
1701151546-0009-R.jpg,falciparum,1,1413.0,827.0,1464.0,876.0,1
1701151546-0009-R.jpg,falciparum,1,1953.0,839.0,2000.0,890.0,1
1701151546-0009-R.jpg,falciparum,1,1610.0,945.0,1678.0,1000.0,1
1701151546-0009-R.jpg,falciparum,1,1913.0,989.0,1953.0,1027.0,1
1701151546-0009-R.jpg,falciparum,1,589.0,1008.0,634.0,1049.0,1
1701151546-0009-R.jpg,falciparum,1,1374.0,1100.0,1426.0,1149.0,1
1701151546-0009-R.jpg,falciparum,1,2308.0,1143.0,2351.0,1188.0,1
1701151546-0009-R.jpg,falciparum,1,1524.0,1144.0,1568.0,1189.0,1
1701151546-0009-R.jpg,falciparum,1,668.0,1186.0,692.0,1221.0,1
1701151546-0009-R.jpg,falciparum,1,868.0,1255.0,912.0,1298.0,1
1701151546-0009-R.jpg,falciparum,1,1549.0,1349.0,1592.0,1392.0,1
1701151546-0009-R.jpg,falciparum,1,2229.0,1652.0,2274.0,1692.0,1
1701151546-0009-R.jpg,falciparum,1,1888.0,1666.0,1940.0,1752.0,1
1701151546-0009-R.jpg,falciparum,1,425.0,1690.0,473.0,1733.0,1
1701151546-0009-R.jpg,falciparum,1,585.0,1746.0,633.0,1790.0,1
1701151546-0010-R.jpg,falciparum,1,544.0,381.0,582.0,400.0,1
1701151546-0010-R.jpg,falciparum,1,507.0,390.0,534.0,422.0,1
1701151546-0010-R.jpg,falciparum,1,549.0,396.0,589.0,421.0,1
1701151546-0010-R.jpg,falciparum,1,2398.0,574.0,2436.0,621.0,1
1701151546-0010-R.jpg,falciparum,1,2196.0,758.0,2238.0,802.0,1
1701151546-0010-R.jpg,falciparum,1,23.0,816.0,64.0,865.0,1
1701151546-0010-R.jpg,falciparum,1,1973.0,849.0,2021.0,888.0,1
1701151546-0010-R.jpg,falciparum,1,2511.0,1040.0,2564.0,1075.0,1
1701151546-0010-R.jpg,falciparum,1,84.0,1103.0,130.0,1140.0,1
1701151546-0010-R.jpg,falciparum,1,138.0,1118.0,181.0,1159.0,1
1701151546-0010-R.jpg,falciparum,1,1724.0,1160.0,1768.0,1195.0,1
1701151546-0010-R.jpg,falciparum,1,559.0,1349.0,612.0,1389.0,1
1701151546-0010-R.jpg,falciparum,1,390.0,1353.0,427.0,1391.0,1
1701151546-0010-R.jpg,falciparum,1,1017.0,1439.0,1055.0,1483.0,1
1701151546-0010-R.jpg,falciparum,1,1137.0,1524.0,1179.0,1569.0,1
1701151546-0010-R.jpg,falciparum,1,1562.0,1604.0,1604.0,1640.0,1
1701151546-0010-R.jpg,falciparum,1,382.0,1612.0,418.0,1662.0,1
1701151546-0010-R.jpg,falciparum,1,683.0,1756.0,738.0,1797.0,1
1701151546-0010-R.jpg,falciparum,1,1712.0,1810.0,1747.0,1852.0,1
1701151546-0011-R_T.jpg,falciparum,1,1369.0,99.0,1408.0,145.0,1
1701151546-0011-R_T.jpg,falciparum,1,2532.0,257.0,2583.0,307.0,1
1701151546-0011-R_T.jpg,falciparum,1,1668.0,282.0,1715.0,332.0,1
1701151546-0011-R_T.jpg,falciparum,1,518.0,441.0,564.0,482.0,1
1701151546-0011-R_T.jpg,falciparum,1,1201.0,449.0,1241.0,496.0,1
1701151546-0011-R_T.jpg,falciparum,1,1215.0,512.0,1247.0,555.0,1
1701151546-0011-R_T.jpg,falciparum,1,1522.0,535.0,1562.0,575.0,1
1701151546-0011-R_T.jpg,falciparum,1,2527.0,562.0,2571.0,602.0,1
1701151546-0011-R_T.jpg,falciparum,1,1561.0,656.0,1603.0,698.0,1
1701151546-0011-R_T.jpg,falciparum,1,382.0,701.0,420.0,740.0,1
1701151546-0011-R_T.jpg,falciparum,1,1692.0,765.0,1745.0,816.0,1
1701151546-0011-R_T.jpg,falciparum,1,1666.0,788.0,1696.0,840.0,1
1701151546-0011-R_T.jpg,falciparum,1,1252.0,816.0,1342.0,891.0,1
1701151546-0011-R_T.jpg,falciparum,1,1998.0,889.0,2050.0,935.0,1
1701151546-0011-R_T.jpg,falciparum,1,411.0,911.0,451.0,960.0,1
1701151546-0011-R_T.jpg,falciparum,1,1204.0,916.0,1240.0,950.0,1
1701151546-0011-R_T.jpg,falciparum,1,563.0,1286.0,611.0,1341.0,1
1701151546-0011-R_T.jpg,falciparum,1,1090.0,1627.0,1132.0,1666.0,1
1701151546-0011-R_T.jpg,falciparum,1,466.0,1665.0,509.0,1705.0,1
1701151546-0012-R.jpg,falciparum,1,785.0,98.0,828.0,148.0,1
1701151546-0012-R.jpg,falciparum,1,99.0,108.0,145.0,149.0,1
1701151546-0012-R.jpg,falciparum,1,2342.0,152.0,2380.0,192.0,1
1701151546-0012-R.jpg,falciparum,1,91.0,162.0,134.0,205.0,1
1701151546-0012-R.jpg,falciparum,1,1959.0,488.0,2000.0,521.0,1
1701151546-0012-R.jpg,falciparum,1,1940.0,625.0,1977.0,666.0,1
1701151546-0012-R.jpg,falciparum,1,1525.0,688.0,1572.0,725.0,1
1701151546-0012-R.jpg,falciparum,1,755.0,738.0,797.0,783.0,1
1701151546-0012-R.jpg,falciparum,1,1088.0,867.0,1138.0,913.0,1
1701151546-0012-R.jpg,falciparum,1,839.0,936.0,876.0,971.0,1
1701151546-0012-R.jpg,falciparum,1,2223.0,961.0,2246.0,984.0,1
1701151546-0012-R.jpg,falciparum,1,42.0,1004.0,79.0,1047.0,1
1701151546-0012-R.jpg,falciparum,1,1986.0,1100.0,2030.0,1131.0,1
1701151546-0012-R.jpg,falciparum,1,1501.0,1102.0,1549.0,1160.0,1
1701151546-0012-R.jpg,falciparum,1,181.0,1132.0,222.0,1182.0,1
1701151546-0012-R.jpg,falciparum,1,1209.0,1369.0,1254.0,1411.0,1
1701151546-0012-R.jpg,falciparum,1,7.0,1455.0,61.0,1488.0,1
1701151546-0012-R.jpg,falciparum,1,68.0,1539.0,109.0,1580.0,1
1701151546-0012-R.jpg,falciparum,1,1756.0,1549.0,1796.0,1587.0,1
1701151546-0012-R.jpg,falciparum,1,1443.0,1627.0,1481.0,1666.0,1
1701151546-0012-R.jpg,falciparum,1,821.0,1728.0,852.0,1765.0,1
1701151546-0012-R.jpg,falciparum,1,1408.0,1754.0,1443.0,1785.0,1
1701151546-0014-R.jpg,falciparum,1,2132.0,5.0,2157.0,28.0,1
1701151546-0014-R.jpg,falciparum,1,1687.0,7.0,1710.0,29.0,1
1701151546-0014-R.jpg,falciparum,1,1378.0,12.0,1401.0,32.0,1
1701151546-0014-R.jpg,falciparum,1,718.0,97.0,765.0,119.0,1
1701151546-0014-R.jpg,falciparum,1,60.0,98.0,106.0,145.0,1
1701151546-0014-R.jpg,falciparum,1,363.0,99.0,390.0,120.0,1
1701151546-0014-R.jpg,falciparum,1,1178.0,108.0,1201.0,132.0,1
1701151546-0014-R.jpg,falciparum,1,1451.0,111.0,1473.0,132.0,1
1701151546-0014-R.jpg,falciparum,1,778.0,123.0,795.0,142.0,1
1701151546-0014-R.jpg,falciparum,1,2017.0,124.0,2037.0,148.0,1
1701151546-0014-R.jpg,falciparum,1,575.0,136.0,588.0,148.0,1
1701151546-0014-R.jpg,falciparum,1,683.0,143.0,727.0,173.0,1
1701151546-0014-R.jpg,falciparum,1,2441.0,148.0,2464.0,169.0,1
1701151546-0014-R.jpg,falciparum,1,999.0,151.0,1038.0,190.0,1
1701151546-0014-R.jpg,falciparum,1,1476.0,153.0,1518.0,192.0,1
1701151546-0014-R.jpg,falciparum,1,2047.0,173.0,2060.0,190.0,1
1701151546-0014-R.jpg,falciparum,1,362.0,178.0,381.0,200.0,1
1701151546-0014-R.jpg,falciparum,1,568.0,189.0,593.0,209.0,1
1701151546-0014-R.jpg,falciparum,1,616.0,200.0,632.0,218.0,1
1701151546-0014-R.jpg,falciparum,1,2146.0,220.0,2194.0,270.0,1
1701151546-0014-R.jpg,falciparum,1,599.0,226.0,621.0,247.0,1
1701151546-0014-R.jpg,falciparum,1,717.0,228.0,734.0,242.0,1
1701151546-0014-R.jpg,falciparum,1,77.0,234.0,125.0,280.0,1
1701151546-0014-R.jpg,falciparum,1,1878.0,302.0,1897.0,320.0,1
1701151546-0014-R.jpg,falciparum,1,1802.0,313.0,1819.0,328.0,1
1701151546-0014-R.jpg,falciparum,1,1858.0,313.0,1875.0,330.0,1
1701151546-0014-R.jpg,falciparum,1,136.0,382.0,169.0,416.0,1
1701151546-0014-R.jpg,falciparum,1,1260.0,396.0,1280.0,417.0,1
1701151546-0014-R.jpg,falciparum,1,2314.0,411.0,2340.0,431.0,1
1701151546-0014-R.jpg,falciparum,1,1360.0,451.0,1377.0,468.0,1
1701151546-0014-R.jpg,falciparum,1,342.0,477.0,378.0,511.0,1
1701151546-0014-R.jpg,falciparum,1,189.0,479.0,225.0,516.0,1
1701151546-0014-R.jpg,falciparum,1,945.0,568.0,981.0,605.0,1
1701151546-0014-R.jpg,falciparum,1,620.0,574.0,644.0,593.0,1
1701151546-0014-R.jpg,falciparum,1,2137.0,590.0,2165.0,609.0,1
1701151546-0014-R.jpg,falciparum,1,330.0,608.0,371.0,643.0,1
1701151546-0014-R.jpg,falciparum,1,2103.0,625.0,2138.0,659.0,1
1701151546-0014-R.jpg,falciparum,1,70.0,646.0,89.0,662.0,1
1701151546-0014-R.jpg,falciparum,1,916.0,765.0,953.0,804.0,1
1701151546-0014-R.jpg,falciparum,1,1721.0,902.0,1752.0,977.0,1
1701151546-0014-R.jpg,falciparum,1,55.0,940.0,91.0,974.0,1
1701151546-0014-R.jpg,falciparum,1,1966.0,1006.0,2013.0,1048.0,1
1701151546-0014-R.jpg,falciparum,1,31.0,1060.0,63.0,1102.0,1
1701151546-0014-R.jpg,falciparum,1,339.0,1075.0,379.0,1123.0,1
1701151546-0014-R.jpg,falciparum,1,1529.0,1169.0,1550.0,1190.0,1
1701151546-0014-R.jpg,falciparum,1,993.0,1220.0,1039.0,1266.0,1
1701151546-0014-R.jpg,falciparum,1,706.0,1274.0,763.0,1344.0,1
1701151546-0014-R.jpg,falciparum,1,993.0,1343.0,1030.0,1383.0,1
1701151546-0014-R.jpg,falciparum,1,961.0,1351.0,997.0,1383.0,1
1701151546-0014-R.jpg,falciparum,1,2460.0,1359.0,2507.0,1393.0,1
1701151546-0014-R.jpg,falciparum,1,866.0,1375.0,899.0,1410.0,1
1701151546-0014-R.jpg,falciparum,1,1707.0,1375.0,1735.0,1403.0,1
1701151546-0014-R.jpg,falciparum,1,269.0,1432.0,307.0,1467.0,1
1701151546-0014-R.jpg,falciparum,1,935.0,1473.0,976.0,1510.0,1
1701151546-0014-R.jpg,falciparum,1,964.0,1492.0,995.0,1518.0,1
1701151546-0014-R.jpg,falciparum,1,2326.0,1523.0,2361.0,1552.0,1
1701151546-0014-R.jpg,falciparum,1,269.0,1526.0,308.0,1559.0,1
1701151546-0014-R.jpg,falciparum,1,973.0,1529.0,1003.0,1558.0,1
1701151546-0014-R.jpg,falciparum,1,1464.0,1637.0,1495.0,1696.0,1
1701151546-0014-R.jpg,falciparum,1,392.0,1705.0,440.0,1745.0,1
1701151546-0014-R.jpg,falciparum,1,2130.0,1714.0,2169.0,1751.0,1
1701151546-0014-R.jpg,falciparum,1,2524.0,1770.0,2564.0,1806.0,1
1701151546-0014-R.jpg,falciparum,1,1930.0,1846.0,1974.0,1885.0,1
1701151546-0014-R.jpg,falciparum,1,2453.0,1851.0,2489.0,1902.0,1
1701151546-0014-R.jpg,falciparum,1,789.0,1862.0,827.0,1915.0,1
1701151546-0014-R.jpg,falciparum,1,2187.0,1871.0,2230.0,1914.0,1
1701151546-0014-R.jpg,falciparum,1,443.0,1883.0,473.0,1934.0,1
1701151546-0015-R_T.jpg,falciparum,1,1326.0,69.0,1372.0,105.0,1
1701151546-0015-R_T.jpg,falciparum,1,660.0,126.0,704.0,165.0,1
1701151546-0015-R_T.jpg,falciparum,1,1400.0,127.0,1442.0,174.0,1
1701151546-0015-R_T.jpg,falciparum,1,932.0,141.0,980.0,203.0,1
1701151546-0015-R_T.jpg,falciparum,1,1379.0,169.0,1429.0,222.0,1
1701151546-0015-R_T.jpg,falciparum,1,1442.0,169.0,1494.0,218.0,1
1701151546-0015-R_T.jpg,falciparum,1,1525.0,228.0,1561.0,265.0,1
1701151546-0015-R_T.jpg,falciparum,1,356.0,326.0,501.0,446.0,1
1701151546-0015-R_T.jpg,falciparum,1,1506.0,428.0,1545.0,466.0,1
1701151546-0015-R_T.jpg,falciparum,1,357.0,445.0,390.0,495.0,1
1701151546-0015-R_T.jpg,falciparum,1,379.0,448.0,433.0,516.0,1
1701151546-0015-R_T.jpg,falciparum,1,938.0,525.0,1011.0,598.0,1
1701151546-0015-R_T.jpg,falciparum,1,833.0,532.0,874.0,574.0,1
1701151546-0015-R_T.jpg,falciparum,1,873.0,534.0,908.0,567.0,1
1701151546-0015-R_T.jpg,falciparum,1,1015.0,585.0,1070.0,639.0,1
1701151546-0015-R_T.jpg,falciparum,1,84.0,623.0,101.0,644.0,1
1701151546-0015-R_T.jpg,falciparum,1,720.0,689.0,757.0,735.0,1
1701151546-0015-R_T.jpg,falciparum,1,2092.0,690.0,2139.0,729.0,1
1701151546-0015-R_T.jpg,falciparum,1,2061.0,695.0,2097.0,735.0,1
1701151546-0015-R_T.jpg,falciparum,1,1429.0,757.0,1491.0,797.0,1
1701151546-0015-R_T.jpg,falciparum,1,1343.0,887.0,1390.0,933.0,1
1701151546-0015-R_T.jpg,falciparum,1,1466.0,888.0,1539.0,975.0,1
1701151546-0015-R_T.jpg,falciparum,1,1511.0,1046.0,1562.0,1093.0,1
1701151546-0015-R_T.jpg,falciparum,1,200.0,1058.0,249.0,1105.0,1
1701151546-0015-R_T.jpg,falciparum,1,803.0,1091.0,840.0,1129.0,1
1701151546-0015-R_T.jpg,falciparum,1,466.0,1102.0,509.0,1148.0,1
1701151546-0015-R_T.jpg,falciparum,1,1221.0,1145.0,1280.0,1227.0,1
1701151546-0015-R_T.jpg,falciparum,1,366.0,1192.0,404.0,1232.0,1
1701151546-0015-R_T.jpg,falciparum,1,1929.0,1296.0,1964.0,1325.0,1
1701151546-0015-R_T.jpg,falciparum,1,889.0,1329.0,930.0,1361.0,1
1701151546-0015-R_T.jpg,falciparum,1,1844.0,1337.0,1889.0,1373.0,1
1701151546-0015-R_T.jpg,falciparum,1,150.0,1361.0,190.0,1397.0,1
1701151546-0015-R_T.jpg,falciparum,1,1569.0,1521.0,1617.0,1565.0,1
1701151546-0015-R_T.jpg,falciparum,1,1874.0,1536.0,1906.0,1579.0,1
1701151546-0015-R_T.jpg,falciparum,1,1271.0,1543.0,1322.0,1590.0,1
1701151546-0015-R_T.jpg,falciparum,1,1889.0,1561.0,1934.0,1603.0,1
1701151546-0015-R_T.jpg,falciparum,1,2064.0,1850.0,2087.0,1877.0,1
1703121298-0001-G_R.jpg,vivax,2,622.0,794.0,824.0,925.0,1
1703121298-0001-G_R.jpg,vivax,2,1610.0,1073.0,1775.0,1243.0,1
1703121298-0001-G_R.jpg,vivax,2,2223.0,1269.0,2279.0,1328.0,1
1703121298-0002-S.jpg,vivax,2,1141.0,879.0,1282.0,1041.0,1
1703121298-0003-R.jpg,vivax,2,1213.0,1099.0,1263.0,1150.0,1
1703121298-0004-R.jpg,vivax,2,1097.0,435.0,1220.0,548.0,1
1703121298-0005-R.jpg,vivax,2,1007.0,1516.0,1050.0,1555.0,1
1703121298-0006-R.jpg,vivax,2,1322.0,535.0,1411.0,614.0,1
1703121298-0006-R.jpg,vivax,2,1418.0,1178.0,1479.0,1283.0,1
1703121298-0007-R.jpg,vivax,2,1088.0,875.0,1171.0,962.0,1
1703121298-0008-G.jpg,vivax,2,1389.0,823.0,1565.0,1046.0,1
1703121298-0009-R.jpg,vivax,2,1317.0,1076.0,1367.0,1140.0,1
1703121298-0010-G.jpg,vivax,2,1581.0,694.0,1736.0,869.0,1
1703121298-0010-G.jpg,vivax,2,1087.0,839.0,1225.0,1033.0,1
1703121298-0011-R.jpg,vivax,2,738.0,769.0,879.0,926.0,1
1703121298-0012-G_R.jpg,vivax,2,802.0,261.0,982.0,420.0,1
1703121298-0012-G_R.jpg,vivax,2,1154.0,719.0,1262.0,799.0,1
1703121298-0015-R.jpg,vivax,2,1126.0,196.0,1216.0,281.0,1
1703121298-0015-R.jpg,vivax,2,2250.0,708.0,2320.0,772.0,1
1703121298-0015-R.jpg,vivax,2,1427.0,712.0,1532.0,831.0,1
1703121298-0015-R.jpg,vivax,2,1539.0,753.0,1637.0,903.0,1
1703121298-0015-R.jpg,vivax,2,1040.0,914.0,1133.0,1002.0,1
1703121298-0016-G.jpg,vivax,2,278.0,420.0,462.0,600.0,1
1703121298-0016-G.jpg,vivax,2,1830.0,861.0,1992.0,1016.0,1
1703121298-0017-R.jpg,vivax,2,1165.0,389.0,1294.0,559.0,1
1703121298-0017-R.jpg,vivax,2,1629.0,1545.0,1696.0,1626.0,1
1704282807-0001-R.jpg,falciparum,1,1800.0,25.0,1915.0,81.0,1
1704282807-0001-R.jpg,falciparum,1,1481.0,63.0,1561.0,130.0,1
1704282807-0001-R.jpg,falciparum,1,418.0,332.0,494.0,388.0,1
1704282807-0001-R.jpg,falciparum,1,1216.0,517.0,1289.0,588.0,1
1704282807-0001-R.jpg,falciparum,1,35.0,559.0,108.0,622.0,1
1704282807-0001-R.jpg,falciparum,1,2326.0,583.0,2388.0,631.0,1
1704282807-0001-R.jpg,falciparum,1,265.0,1144.0,329.0,1210.0,1
1704282807-0001-R.jpg,falciparum,1,916.0,1192.0,987.0,1253.0,1
1704282807-0001-R.jpg,falciparum,1,1836.0,1321.0,1909.0,1400.0,1
1704282807-0001-R.jpg,falciparum,1,104.0,1861.0,179.0,1928.0,1
1704282807-0002-R.jpg,falciparum,1,944.0,81.0,996.0,138.0,1
1704282807-0002-R.jpg,falciparum,1,2154.0,87.0,2204.0,160.0,1
1704282807-0002-R.jpg,falciparum,1,463.0,91.0,528.0,155.0,1
1704282807-0002-R.jpg,falciparum,1,1526.0,128.0,1597.0,185.0,1
1704282807-0002-R.jpg,falciparum,1,785.0,309.0,855.0,369.0,1
1704282807-0002-R.jpg,falciparum,1,338.0,481.0,389.0,545.0,1
1704282807-0002-R.jpg,falciparum,1,1489.0,523.0,1556.0,581.0,1
1704282807-0002-R.jpg,falciparum,1,2315.0,606.0,2384.0,671.0,1
1704282807-0002-R.jpg,falciparum,1,2429.0,610.0,2493.0,674.0,1
1704282807-0002-R.jpg,falciparum,1,1379.0,626.0,1443.0,691.0,1
1704282807-0002-R.jpg,falciparum,1,359.0,651.0,417.0,705.0,1
1704282807-0002-R.jpg,falciparum,1,1537.0,1033.0,1597.0,1094.0,1
1704282807-0002-R.jpg,falciparum,1,909.0,1039.0,975.0,1095.0,1
1704282807-0002-R.jpg,falciparum,1,1687.0,1106.0,1760.0,1163.0,1
1704282807-0002-R.jpg,falciparum,1,2272.0,1183.0,2325.0,1239.0,1
1704282807-0002-R.jpg,falciparum,1,2232.0,1230.0,2295.0,1288.0,1
1704282807-0002-R.jpg,falciparum,1,371.0,1245.0,410.0,1310.0,1
1704282807-0002-R.jpg,falciparum,1,71.0,1356.0,128.0,1401.0,1
1704282807-0002-R.jpg,falciparum,1,1209.0,1706.0,1281.0,1784.0,1
1704282807-0003-R.jpg,falciparum,1,1746.0,144.0,1813.0,197.0,1
1704282807-0003-R.jpg,falciparum,1,1621.0,266.0,1677.0,335.0,1
1704282807-0003-R.jpg,falciparum,1,276.0,524.0,336.0,580.0,1
1704282807-0003-R.jpg,falciparum,1,341.0,531.0,381.0,571.0,1
1704282807-0003-R.jpg,falciparum,1,2154.0,536.0,2216.0,594.0,1
1704282807-0003-R.jpg,falciparum,1,2400.0,538.0,2487.0,625.0,1
1704282807-0003-R.jpg,falciparum,1,1013.0,568.0,1072.0,628.0,1
1704282807-0003-R.jpg,falciparum,1,342.0,575.0,365.0,613.0,1
1704282807-0003-R.jpg,falciparum,1,393.0,917.0,466.0,982.0,1
1704282807-0003-R.jpg,falciparum,1,713.0,975.0,738.0,1014.0,1
1704282807-0003-R.jpg,falciparum,1,1797.0,1042.0,1827.0,1067.0,1
1704282807-0003-R.jpg,falciparum,1,1029.0,1104.0,1113.0,1148.0,1
1704282807-0003-R.jpg,falciparum,1,354.0,1333.0,395.0,1376.0,1
1704282807-0003-R.jpg,falciparum,1,1270.0,1358.0,1332.0,1431.0,1
1704282807-0003-R.jpg,falciparum,1,143.0,1629.0,219.0,1690.0,1
1704282807-0003-R.jpg,falciparum,1,1869.0,1798.0,1938.0,1850.0,1
1704282807-0003-R.jpg,falciparum,1,394.0,1829.0,445.0,1904.0,1
1704282807-0004-R_T.jpg,falciparum,1,1913.0,145.0,2001.0,210.0,1
1704282807-0004-R_T.jpg,falciparum,1,2499.0,368.0,2567.0,432.0,1
1704282807-0004-R_T.jpg,falciparum,1,1757.0,384.0,1818.0,462.0,1
1704282807-0004-R_T.jpg,falciparum,1,1363.0,468.0,1445.0,521.0,1
1704282807-0004-R_T.jpg,falciparum,1,1042.0,513.0,1112.0,578.0,1
1704282807-0004-R_T.jpg,falciparum,1,732.0,642.0,781.0,712.0,1
1704282807-0004-R_T.jpg,falciparum,1,1112.0,866.0,1166.0,926.0,1
1704282807-0004-R_T.jpg,falciparum,1,499.0,886.0,577.0,946.0,1
1704282807-0004-R_T.jpg,falciparum,1,838.0,1748.0,899.0,1816.0,1
1704282807-0004-R_T.jpg,falciparum,1,1793.0,1804.0,1882.0,1913.0,1
1704282807-0004-R_T.jpg,falciparum,1,193.0,1867.0,255.0,1925.0,1
1704282807-0005-R.jpg,falciparum,1,957.0,32.0,1026.0,95.0,1
1704282807-0005-R.jpg,falciparum,1,1735.0,114.0,1787.0,177.0,1
1704282807-0005-R.jpg,falciparum,1,894.0,211.0,956.0,273.0,1
1704282807-0005-R.jpg,falciparum,1,1576.0,210.0,1641.0,269.0,1
1704282807-0005-R.jpg,falciparum,1,1042.0,301.0,1102.0,361.0,1
1704282807-0005-R.jpg,falciparum,1,2183.0,306.0,2262.0,362.0,1
1704282807-0005-R.jpg,falciparum,1,833.0,313.0,894.0,370.0,1
1704282807-0005-R.jpg,falciparum,1,2484.0,400.0,2555.0,451.0,1
1704282807-0005-R.jpg,falciparum,1,61.0,431.0,110.0,493.0,1
1704282807-0005-R.jpg,falciparum,1,671.0,558.0,735.0,623.0,1
1704282807-0005-R.jpg,falciparum,1,2114.0,578.0,2170.0,632.0,1
1704282807-0005-R.jpg,falciparum,1,440.0,862.0,503.0,931.0,1
1704282807-0005-R.jpg,falciparum,1,620.0,1093.0,699.0,1160.0,1
1704282807-0005-R.jpg,falciparum,1,1415.0,1338.0,1503.0,1406.0,1
1704282807-0005-R.jpg,falciparum,1,1280.0,1541.0,1339.0,1616.0,1
1704282807-0005-R.jpg,falciparum,1,612.0,1588.0,693.0,1657.0,1
1704282807-0005-R.jpg,falciparum,1,2077.0,1715.0,2153.0,1784.0,1
1704282807-0005-R.jpg,falciparum,1,512.0,1846.0,561.0,1924.0,1
1704282807-0006-R.jpg,falciparum,1,275.0,125.0,337.0,193.0,1
1704282807-0006-R.jpg,falciparum,1,974.0,244.0,1047.0,299.0,1
1704282807-0006-R.jpg,falciparum,1,1566.0,298.0,1635.0,360.0,1
1704282807-0006-R.jpg,falciparum,1,2360.0,466.0,2420.0,528.0,1
1704282807-0006-R.jpg,falciparum,1,993.0,507.0,1051.0,566.0,1
1704282807-0006-R.jpg,falciparum,1,1246.0,519.0,1303.0,588.0,1
1704282807-0006-R.jpg,falciparum,1,1170.0,717.0,1252.0,784.0,1
1704282807-0006-R.jpg,falciparum,1,1083.0,725.0,1144.0,805.0,1
1704282807-0006-R.jpg,falciparum,1,1120.0,827.0,1173.0,895.0,1
1704282807-0006-R.jpg,falciparum,1,1256.0,913.0,1322.0,975.0,1
1704282807-0006-R.jpg,falciparum,1,1362.0,1046.0,1426.0,1106.0,1
1704282807-0006-R.jpg,falciparum,1,1427.0,1074.0,1478.0,1145.0,1
1704282807-0006-R.jpg,falciparum,1,315.0,1150.0,375.0,1208.0,1
1704282807-0006-R.jpg,falciparum,1,1360.0,1353.0,1414.0,1410.0,1
1704282807-0006-R.jpg,falciparum,1,1070.0,1576.0,1132.0,1638.0,1
1704282807-0006-R.jpg,falciparum,1,326.0,1771.0,396.0,1829.0,1
1704282807-0007-R.jpg,falciparum,1,899.0,70.0,966.0,154.0,1
1704282807-0007-R.jpg,falciparum,1,1371.0,207.0,1430.0,267.0,1
1704282807-0007-R.jpg,falciparum,1,273.0,245.0,348.0,316.0,1
1704282807-0007-R.jpg,falciparum,1,292.0,307.0,361.0,370.0,1
1704282807-0007-R.jpg,falciparum,1,1949.0,408.0,2012.0,467.0,1
1704282807-0007-R.jpg,falciparum,1,1622.0,466.0,1689.0,530.0,1
1704282807-0007-R.jpg,falciparum,1,2473.0,502.0,2547.0,568.0,1
1704282807-0007-R.jpg,falciparum,1,1936.0,618.0,1983.0,673.0,1
1704282807-0007-R.jpg,falciparum,1,2289.0,709.0,2365.0,780.0,1
1704282807-0007-R.jpg,falciparum,1,448.0,908.0,499.0,963.0,1
1704282807-0007-R.jpg,falciparum,1,253.0,927.0,311.0,988.0,1
1704282807-0007-R.jpg,falciparum,1,1563.0,1061.0,1636.0,1134.0,1
1704282807-0007-R.jpg,falciparum,1,960.0,1176.0,1028.0,1245.0,1
1704282807-0007-R.jpg,falciparum,1,684.0,1260.0,758.0,1329.0,1
1704282807-0007-R.jpg,falciparum,1,319.0,1430.0,377.0,1480.0,1
1704282807-0007-R.jpg,falciparum,1,1408.0,1809.0,1486.0,1885.0,1
1704282807-0008-R.jpg,falciparum,1,2170.0,86.0,2234.0,152.0,1
1704282807-0008-R.jpg,falciparum,1,344.0,367.0,410.0,439.0,1
1704282807-0008-R.jpg,falciparum,1,452.0,689.0,508.0,743.0,1
1704282807-0008-R.jpg,falciparum,1,748.0,857.0,809.0,913.0,1
1704282807-0008-R.jpg,falciparum,1,986.0,985.0,1045.0,1074.0,1
1704282807-0008-R.jpg,falciparum,1,1298.0,1001.0,1362.0,1058.0,1
1704282807-0008-R.jpg,falciparum,1,2406.0,1002.0,2464.0,1063.0,1
1704282807-0008-R.jpg,falciparum,1,491.0,1026.0,560.0,1090.0,1
1704282807-0008-R.jpg,falciparum,1,1298.0,1040.0,1374.0,1103.0,1
1704282807-0008-R.jpg,falciparum,1,687.0,1072.0,754.0,1141.0,1
1704282807-0008-R.jpg,falciparum,1,432.0,1280.0,498.0,1343.0,1
1704282807-0008-R.jpg,falciparum,1,1504.0,1291.0,1570.0,1360.0,1
1704282807-0008-R.jpg,falciparum,1,1234.0,1314.0,1286.0,1370.0,1
1704282807-0008-R.jpg,falciparum,1,910.0,1392.0,966.0,1451.0,1
1704282807-0008-R.jpg,falciparum,1,2510.0,1570.0,2563.0,1620.0,1
1704282807-0008-R.jpg,falciparum,1,197.0,1618.0,246.0,1668.0,1
1704282807-0008-R.jpg,falciparum,1,1876.0,1803.0,1940.0,1863.0,1
1704282807-0008-R.jpg,falciparum,1,2297.0,1872.0,2348.0,1928.0,1
1704282807-0009-R.jpg,falciparum,1,2493.0,104.0,2543.0,162.0,1
1704282807-0009-R.jpg,falciparum,1,1208.0,150.0,1263.0,206.0,1
1704282807-0009-R.jpg,falciparum,1,1706.0,279.0,1766.0,344.0,1
1704282807-0009-R.jpg,falciparum,1,74.0,459.0,136.0,516.0,1
1704282807-0009-R.jpg,falciparum,1,1652.0,582.0,1701.0,643.0,1
1704282807-0009-R.jpg,falciparum,1,1796.0,955.0,1857.0,1023.0,1
1704282807-0009-R.jpg,falciparum,1,1324.0,1249.0,1396.0,1308.0,1
1704282807-0009-R.jpg,falciparum,1,335.0,1297.0,399.0,1347.0,1
1704282807-0009-R.jpg,falciparum,1,1974.0,1477.0,2034.0,1535.0,1
1704282807-0009-R.jpg,falciparum,1,1151.0,1645.0,1200.0,1694.0,1
1704282807-0009-R.jpg,falciparum,1,2103.0,1703.0,2167.0,1759.0,1
1704282807-0009-R.jpg,falciparum,1,2417.0,1856.0,2470.0,1912.0,1
1704282807-0010-R.jpg,falciparum,1,922.0,33.0,994.0,110.0,1
1704282807-0010-R.jpg,falciparum,1,719.0,164.0,795.0,235.0,1
1704282807-0010-R.jpg,falciparum,1,2303.0,195.0,2370.0,264.0,1
1704282807-0010-R.jpg,falciparum,1,755.0,450.0,849.0,505.0,1
1704282807-0010-R.jpg,falciparum,1,1657.0,480.0,1721.0,554.0,1
1704282807-0010-R.jpg,falciparum,1,1090.0,533.0,1165.0,589.0,1
1704282807-0010-R.jpg,falciparum,1,650.0,669.0,736.0,739.0,1
1704282807-0010-R.jpg,falciparum,1,1939.0,1183.0,2004.0,1245.0,1
1704282807-0010-R.jpg,falciparum,1,564.0,1306.0,685.0,1402.0,1
1704282807-0010-R.jpg,falciparum,1,767.0,1341.0,824.0,1397.0,1
1704282807-0010-R.jpg,falciparum,1,746.0,1375.0,803.0,1443.0,1
1704282807-0010-R.jpg,falciparum,1,2133.0,1568.0,2186.0,1618.0,1
1704282807-0010-R.jpg,falciparum,1,328.0,1730.0,394.0,1802.0,1
1704282807-0010-R.jpg,falciparum,1,98.0,1843.0,190.0,1894.0,1
1704282807-0011-R_T.jpg,falciparum,1,285.0,17.0,370.0,83.0,1
1704282807-0011-R_T.jpg,falciparum,1,268.0,370.0,341.0,436.0,1
1704282807-0011-R_T.jpg,falciparum,1,275.0,710.0,345.0,773.0,1
1704282807-0011-R_T.jpg,falciparum,1,1413.0,722.0,1475.0,792.0,1
1704282807-0011-R_T.jpg,falciparum,1,871.0,926.0,929.0,980.0,1
1704282807-0011-R_T.jpg,falciparum,1,372.0,1039.0,434.0,1089.0,1
1704282807-0011-R_T.jpg,falciparum,1,1599.0,1056.0,1653.0,1106.0,1
1704282807-0011-R_T.jpg,falciparum,1,902.0,1129.0,960.0,1202.0,1
1704282807-0011-R_T.jpg,falciparum,1,1589.0,1199.0,1638.0,1253.0,1
1704282807-0011-R_T.jpg,falciparum,1,1521.0,1207.0,1564.0,1270.0,1
1704282807-0011-R_T.jpg,falciparum,1,1315.0,1211.0,1376.0,1274.0,1
1704282807-0011-R_T.jpg,falciparum,1,1139.0,1236.0,1203.0,1312.0,1
1704282807-0011-R_T.jpg,falciparum,1,1158.0,1470.0,1237.0,1539.0,1
1704282807-0011-R_T.jpg,falciparum,1,499.0,1640.0,577.0,1706.0,1
1704282807-0011-R_T.jpg,falciparum,1,604.0,1821.0,660.0,1879.0,1
1704282807-0011-R_T.jpg,falciparum,1,459.0,1822.0,508.0,1882.0,1
1704282807-0012-R_T.jpg,falciparum,1,1963.0,23.0,2020.0,71.0,1
1704282807-0012-R_T.jpg,falciparum,1,285.0,74.0,354.0,128.0,1
1704282807-0012-R_T.jpg,falciparum,1,2157.0,99.0,2245.0,162.0,1
1704282807-0012-R_T.jpg,falciparum,1,986.0,108.0,1060.0,178.0,1
1704282807-0012-R_T.jpg,falciparum,1,1079.0,275.0,1135.0,335.0,1
1704282807-0012-R_T.jpg,falciparum,1,3.0,412.0,61.0,467.0,1
1704282807-0012-R_T.jpg,falciparum,1,238.0,646.0,302.0,703.0,1
1704282807-0012-R_T.jpg,falciparum,1,2060.0,657.0,2124.0,723.0,1
1704282807-0012-R_T.jpg,falciparum,1,1452.0,705.0,1573.0,804.0,1
1704282807-0012-R_T.jpg,falciparum,1,1296.0,730.0,1358.0,787.0,1
1704282807-0012-R_T.jpg,falciparum,1,1991.0,733.0,2024.0,766.0,1
1704282807-0012-R_T.jpg,falciparum,1,685.0,876.0,735.0,936.0,1
1704282807-0012-R_T.jpg,falciparum,1,641.0,897.0,676.0,935.0,1
1704282807-0012-R_T.jpg,falciparum,1,772.0,1061.0,831.0,1123.0,1
1704282807-0012-R_T.jpg,falciparum,1,967.0,1185.0,1034.0,1239.0,1
1704282807-0012-R_T.jpg,falciparum,1,1795.0,1190.0,1853.0,1242.0,1
1704282807-0012-R_T.jpg,falciparum,1,1525.0,1287.0,1589.0,1334.0,1
1704282807-0012-R_T.jpg,falciparum,1,2224.0,1304.0,2261.0,1342.0,1
1704282807-0012-R_T.jpg,falciparum,1,986.0,1431.0,1057.0,1503.0,1
1704282807-0012-R_T.jpg,falciparum,1,68.0,1471.0,124.0,1519.0,1
1704282807-0012-R_T.jpg,falciparum,1,1564.0,1471.0,1632.0,1536.0,1
1704282807-0012-R_T.jpg,falciparum,1,1760.0,1495.0,1818.0,1544.0,1
1704282807-0012-R_T.jpg,falciparum,1,887.0,1513.0,948.0,1577.0,1
1704282807-0012-R_T.jpg,falciparum,1,1016.0,1706.0,1062.0,1774.0,1
1704282807-0012-R_T.jpg,falciparum,1,2116.0,1728.0,2178.0,1798.0,1
1704282807-0012-R_T.jpg,falciparum,1,507.0,1824.0,584.0,1902.0,1
1704282807-0012-R_T.jpg,falciparum,1,807.0,1881.0,868.0,1942.0,1
1704282807-0013-R_T.jpg,falciparum,1,2205.0,88.0,2272.0,163.0,1
1704282807-0013-R_T.jpg,falciparum,1,1958.0,240.0,2001.0,286.0,1
1704282807-0013-R_T.jpg,falciparum,1,2325.0,274.0,2385.0,346.0,1
1704282807-0013-R_T.jpg,falciparum,1,1739.0,329.0,1803.0,379.0,1
1704282807-0013-R_T.jpg,falciparum,1,1371.0,402.0,1423.0,453.0,1
1704282807-0013-R_T.jpg,falciparum,1,1906.0,413.0,1963.0,474.0,1
1704282807-0013-R_T.jpg,falciparum,1,2336.0,544.0,2410.0,608.0,1
1704282807-0013-R_T.jpg,falciparum,1,2170.0,549.0,2234.0,597.0,1
1704282807-0013-R_T.jpg,falciparum,1,2403.0,699.0,2440.0,756.0,1
1704282807-0013-R_T.jpg,falciparum,1,2460.0,705.0,2520.0,764.0,1
1704282807-0013-R_T.jpg,falciparum,1,1474.0,741.0,1516.0,784.0,1
1704282807-0013-R_T.jpg,falciparum,1,1314.0,761.0,1426.0,865.0,1
1704282807-0013-R_T.jpg,falciparum,1,1006.0,806.0,1069.0,859.0,1
1704282807-0013-R_T.jpg,falciparum,1,1384.0,1000.0,1434.0,1052.0,1
1704282807-0013-R_T.jpg,falciparum,1,45.0,1135.0,109.0,1194.0,1
1704282807-0013-R_T.jpg,falciparum,1,2342.0,1179.0,2407.0,1240.0,1
1704282807-0013-R_T.jpg,falciparum,1,2221.0,1338.0,2281.0,1420.0,1
1704282807-0013-R_T.jpg,falciparum,1,1875.0,1570.0,1933.0,1631.0,1
1704282807-0013-R_T.jpg,falciparum,1,1899.0,1611.0,1963.0,1672.0,1
1704282807-0013-R_T.jpg,falciparum,1,2410.0,1621.0,2461.0,1679.0,1
1704282807-0013-R_T.jpg,falciparum,1,2441.0,1637.0,2510.0,1711.0,1
1704282807-0013-R_T.jpg,falciparum,1,1551.0,1642.0,1619.0,1719.0,1
1704282807-0013-R_T.jpg,falciparum,1,751.0,1694.0,830.0,1754.0,1
1704282807-0013-R_T.jpg,falciparum,1,1123.0,1775.0,1185.0,1842.0,1
1704282807-0014-R.jpg,falciparum,1,2548.0,175.0,2589.0,211.0,1
1704282807-0014-R.jpg,falciparum,1,46.0,213.0,122.0,287.0,1
1704282807-0014-R.jpg,falciparum,1,401.0,264.0,488.0,353.0,1
1704282807-0014-R.jpg,falciparum,1,2316.0,266.0,2370.0,320.0,1
1704282807-0014-R.jpg,falciparum,1,1064.0,291.0,1135.0,363.0,1
1704282807-0014-R.jpg,falciparum,1,2556.0,522.0,2589.0,560.0,1
1704282807-0014-R.jpg,falciparum,1,2469.0,536.0,2528.0,598.0,1
1704282807-0014-R.jpg,falciparum,1,939.0,653.0,986.0,709.0,1
1704282807-0014-R.jpg,falciparum,1,1664.0,831.0,1726.0,898.0,1
1704282807-0014-R.jpg,falciparum,1,1987.0,885.0,2059.0,949.0,1
1704282807-0014-R.jpg,falciparum,1,830.0,1040.0,879.0,1098.0,1
1704282807-0014-R.jpg,falciparum,1,81.0,1252.0,143.0,1316.0,1
1704282807-0014-R.jpg,falciparum,1,414.0,1365.0,484.0,1443.0,1
1704282807-0014-R.jpg,falciparum,1,959.0,1474.0,1020.0,1528.0,1
1704282807-0014-R.jpg,falciparum,1,104.0,1525.0,174.0,1586.0,1
1704282807-0014-R.jpg,falciparum,1,870.0,1560.0,931.0,1613.0,1
1704282807-0014-R.jpg,falciparum,1,545.0,1650.0,595.0,1715.0,1
1704282807-0014-R.jpg,falciparum,1,330.0,1695.0,383.0,1765.0,1
1704282807-0014-R.jpg,falciparum,1,264.0,1767.0,332.0,1817.0,1
1704282807-0014-R.jpg,falciparum,1,2062.0,1828.0,2122.0,1894.0,1
1704282807-0014-R.jpg,falciparum,1,794.0,1831.0,867.0,1906.0,1
1704282807-0014-R.jpg,falciparum,1,1672.0,1837.0,1728.0,1904.0,1
1704282807-0015-R.jpg,falciparum,1,129.0,12.0,201.0,98.0,1
1704282807-0015-R.jpg,falciparum,1,2330.0,19.0,2352.0,44.0,1
1704282807-0015-R.jpg,falciparum,1,1088.0,249.0,1152.0,330.0,1
1704282807-0015-R.jpg,falciparum,1,247.0,378.0,319.0,454.0,1
1704282807-0015-R.jpg,falciparum,1,1297.0,430.0,1349.0,482.0,1
1704282807-0015-R.jpg,falciparum,1,2077.0,517.0,2143.0,598.0,1
1704282807-0015-R.jpg,falciparum,1,1995.0,601.0,2055.0,656.0,1
1704282807-0015-R.jpg,falciparum,1,1035.0,635.0,1097.0,686.0,1
1704282807-0015-R.jpg,falciparum,1,670.0,670.0,732.0,727.0,1
1704282807-0015-R.jpg,falciparum,1,221.0,776.0,295.0,839.0,1
1704282807-0015-R.jpg,falciparum,1,736.0,778.0,812.0,836.0,1
1704282807-0015-R.jpg,falciparum,1,1612.0,869.0,1650.0,914.0,1
1704282807-0015-R.jpg,falciparum,1,1796.0,961.0,1850.0,1041.0,1
1704282807-0015-R.jpg,falciparum,1,1751.0,988.0,1811.0,1068.0,1
1704282807-0015-R.jpg,falciparum,1,784.0,1017.0,836.0,1074.0,1
1704282807-0015-R.jpg,falciparum,1,1800.0,1411.0,1840.0,1445.0,1
1704282807-0015-R.jpg,falciparum,1,1565.0,1497.0,1620.0,1548.0,1
1704282807-0015-R.jpg,falciparum,1,318.0,1521.0,384.0,1591.0,1
1704282807-0015-R.jpg,falciparum,1,1803.0,1745.0,1842.0,1789.0,1
1704282807-0015-R.jpg,falciparum,1,1722.0,1762.0,1778.0,1828.0,1
1704282807-0015-R.jpg,falciparum,1,187.0,1880.0,241.0,1933.0,1
1704282807-0016-R.jpg,falciparum,1,1864.0,84.0,1957.0,171.0,1
1704282807-0016-R.jpg,falciparum,1,2060.0,212.0,2124.0,251.0,1
1704282807-0016-R.jpg,falciparum,1,415.0,219.0,464.0,274.0,1
1704282807-0016-R.jpg,falciparum,1,1656.0,330.0,1691.0,363.0,1
1704282807-0016-R.jpg,falciparum,1,1720.0,356.0,1788.0,431.0,1
1704282807-0016-R.jpg,falciparum,1,804.0,413.0,866.0,467.0,1
1704282807-0016-R.jpg,falciparum,1,2500.0,418.0,2560.0,463.0,1
1704282807-0016-R.jpg,falciparum,1,255.0,465.0,316.0,520.0,1
1704282807-0016-R.jpg,falciparum,1,2135.0,520.0,2191.0,577.0,1
1704282807-0016-R.jpg,falciparum,1,1414.0,573.0,1467.0,624.0,1
1704282807-0016-R.jpg,falciparum,1,890.0,614.0,913.0,637.0,1
1704282807-0016-R.jpg,falciparum,1,637.0,618.0,693.0,675.0,1
1704282807-0016-R.jpg,falciparum,1,2198.0,741.0,2224.0,776.0,1
1704282807-0016-R.jpg,falciparum,1,2217.0,757.0,2248.0,791.0,1
1704282807-0016-R.jpg,falciparum,1,1252.0,817.0,1295.0,859.0,1
1704282807-0016-R.jpg,falciparum,1,2307.0,905.0,2379.0,973.0,1
1704282807-0016-R.jpg,falciparum,1,383.0,1000.0,437.0,1061.0,1
1704282807-0016-R.jpg,falciparum,1,2337.0,1016.0,2393.0,1092.0,1
1704282807-0016-R.jpg,falciparum,1,575.0,1097.0,633.0,1149.0,1
1704282807-0016-R.jpg,falciparum,1,406.0,1156.0,457.0,1214.0,1
1704282807-0016-R.jpg,falciparum,1,768.0,1196.0,827.0,1244.0,1
1704282807-0016-R.jpg,falciparum,1,62.0,1269.0,127.0,1325.0,1
1704282807-0016-R.jpg,falciparum,1,2277.0,1273.0,2327.0,1344.0,1
1704282807-0016-R.jpg,falciparum,1,1047.0,1401.0,1114.0,1466.0,1
1704282807-0016-R.jpg,falciparum,1,2503.0,1410.0,2556.0,1472.0,1
1704282807-0016-R.jpg,falciparum,1,1379.0,1583.0,1433.0,1635.0,1
1704282807-0016-R.jpg,falciparum,1,2045.0,1662.0,2105.0,1722.0,1
1704282807-0016-R.jpg,falciparum,1,2366.0,1847.0,2419.0,1904.0,1
1704282807-0016-R.jpg,falciparum,1,2492.0,1856.0,2548.0,1908.0,1
1704282807-0017-R.jpg,falciparum,1,1392.0,13.0,1442.0,64.0,1
1704282807-0017-R.jpg,falciparum,1,2125.0,12.0,2178.0,88.0,1
1704282807-0017-R.jpg,falciparum,1,1750.0,79.0,1797.0,132.0,1
1704282807-0017-R.jpg,falciparum,1,373.0,110.0,428.0,166.0,1
1704282807-0017-R.jpg,falciparum,1,1421.0,180.0,1491.0,248.0,1
1704282807-0017-R.jpg,falciparum,1,1108.0,211.0,1159.0,271.0,1
1704282807-0017-R.jpg,falciparum,1,288.0,274.0,363.0,357.0,1
1704282807-0017-R.jpg,falciparum,1,613.0,287.0,677.0,348.0,1
1704282807-0017-R.jpg,falciparum,1,753.0,287.0,809.0,343.0,1
1704282807-0017-R.jpg,falciparum,1,1251.0,465.0,1312.0,530.0,1
1704282807-0017-R.jpg,falciparum,1,1040.0,489.0,1099.0,550.0,1
1704282807-0017-R.jpg,falciparum,1,682.0,557.0,740.0,616.0,1
1704282807-0017-R.jpg,falciparum,1,2118.0,641.0,2184.0,708.0,1
1704282807-0017-R.jpg,falciparum,1,1492.0,742.0,1546.0,825.0,1
1704282807-0017-R.jpg,falciparum,1,1067.0,837.0,1113.0,891.0,1
1704282807-0017-R.jpg,falciparum,1,1082.0,875.0,1132.0,920.0,1
1704282807-0017-R.jpg,falciparum,1,699.0,884.0,767.0,956.0,1
1704282807-0017-R.jpg,falciparum,1,1597.0,921.0,1674.0,974.0,1
1704282807-0017-R.jpg,falciparum,1,659.0,1160.0,705.0,1223.0,1
1704282807-0017-R.jpg,falciparum,1,1061.0,1191.0,1133.0,1264.0,1
1704282807-0017-R.jpg,falciparum,1,1297.0,1212.0,1367.0,1286.0,1
1704282807-0017-R.jpg,falciparum,1,1175.0,1226.0,1240.0,1310.0,1
1704282807-0017-R.jpg,falciparum,1,265.0,1239.0,330.0,1285.0,1
1704282807-0017-R.jpg,falciparum,1,1888.0,1239.0,1961.0,1310.0,1
1704282807-0017-R.jpg,falciparum,1,697.0,1281.0,770.0,1352.0,1
1704282807-0017-R.jpg,falciparum,1,2490.0,1455.0,2557.0,1529.0,1
1704282807-0017-R.jpg,falciparum,1,443.0,1556.0,498.0,1612.0,1
1704282807-0017-R.jpg,falciparum,1,1459.0,1592.0,1525.0,1656.0,1
1704282807-0017-R.jpg,falciparum,1,2404.0,1622.0,2453.0,1693.0,1
1704282807-0017-R.jpg,falciparum,1,2254.0,1683.0,2322.0,1769.0,1
1704282807-0017-R.jpg,falciparum,1,1766.0,1727.0,1837.0,1792.0,1
1704282807-0017-R.jpg,falciparum,1,785.0,1758.0,839.0,1831.0,1
1704282807-0017-R.jpg,falciparum,1,2412.0,1810.0,2478.0,1881.0,1
1704282807-0017-R.jpg,falciparum,1,299.0,1830.0,370.0,1894.0,1
1704282807-0018-R.jpg,falciparum,1,431.0,87.0,513.0,150.0,1
1704282807-0018-R.jpg,falciparum,1,1383.0,180.0,1440.0,231.0,1
1704282807-0018-R.jpg,falciparum,1,1533.0,339.0,1602.0,393.0,1
1704282807-0018-R.jpg,falciparum,1,349.0,655.0,438.0,717.0,1
1704282807-0018-R.jpg,falciparum,1,343.0,697.0,392.0,745.0,1
1704282807-0018-R.jpg,falciparum,1,1999.0,913.0,2060.0,976.0,1
1704282807-0018-R.jpg,falciparum,1,2113.0,937.0,2176.0,991.0,1
1704282807-0018-R.jpg,falciparum,1,871.0,1002.0,942.0,1080.0,1
1704282807-0018-R.jpg,falciparum,1,2364.0,1147.0,2426.0,1209.0,1
1704282807-0018-R.jpg,falciparum,1,216.0,1280.0,294.0,1350.0,1
1704282807-0018-R.jpg,falciparum,1,263.0,1305.0,348.0,1400.0,1
1704282807-0018-R.jpg,falciparum,1,858.0,1318.0,935.0,1374.0,1
1704282807-0018-R.jpg,falciparum,1,1179.0,1471.0,1251.0,1548.0,1
1704282807-0018-R.jpg,falciparum,1,352.0,1493.0,394.0,1543.0,1
1704282807-0018-R.jpg,falciparum,1,1977.0,1715.0,2039.0,1799.0,1
1704282807-0018-R.jpg,falciparum,1,2145.0,1714.0,2204.0,1781.0,1
1704282807-0018-R.jpg,falciparum,1,1674.0,1718.0,1746.0,1798.0,1
1704282807-0018-R.jpg,falciparum,1,2479.0,1732.0,2539.0,1797.0,1
1704282807-0018-R.jpg,falciparum,1,313.0,1813.0,367.0,1874.0,1
1704282807-0019-R_G.jpg,falciparum,1,473.0,8.0,533.0,60.0,1
1704282807-0019-R_G.jpg,falciparum,1,858.0,40.0,930.0,91.0,1
1704282807-0019-R_G.jpg,falciparum,1,1564.0,181.0,1632.0,254.0,1
1704282807-0019-R_G.jpg,falciparum,1,1486.0,217.0,1543.0,252.0,1
1704282807-0019-R_G.jpg,falciparum,1,1076.0,241.0,1147.0,306.0,1
1704282807-0019-R_G.jpg,falciparum,1,145.0,255.0,199.0,324.0,1
1704282807-0019-R_G.jpg,falciparum,1,1843.0,257.0,1903.0,314.0,1
1704282807-0019-R_G.jpg,falciparum,1,2348.0,326.0,2404.0,367.0,1
1704282807-0019-R_G.jpg,falciparum,1,2524.0,370.0,2569.0,414.0,1
1704282807-0019-R_G.jpg,falciparum,1,892.0,481.0,936.0,535.0,1
1704282807-0019-R_G.jpg,falciparum,1,963.0,502.0,1031.0,565.0,1
1704282807-0019-R_G.jpg,falciparum,1,587.0,531.0,643.0,593.0,1
1704282807-0019-R_G.jpg,falciparum,1,2163.0,558.0,2227.0,610.0,1
1704282807-0019-R_G.jpg,falciparum,1,2334.0,581.0,2398.0,647.0,1
1704282807-0019-R_G.jpg,falciparum,1,2285.0,612.0,2359.0,683.0,1
1704282807-0019-R_G.jpg,falciparum,1,2226.0,617.0,2280.0,677.0,1
1704282807-0019-R_G.jpg,falciparum,1,2153.0,627.0,2209.0,691.0,1
1704282807-0019-R_G.jpg,falciparum,1,396.0,704.0,438.0,748.0,1
1704282807-0019-R_G.jpg,falciparum,1,1181.0,814.0,1329.0,964.0,1
1704282807-0019-R_G.jpg,falciparum,1,951.0,840.0,1004.0,897.0,1
1704282807-0019-R_G.jpg,falciparum,1,588.0,879.0,641.0,936.0,1
1704282807-0019-R_G.jpg,falciparum,1,892.0,986.0,947.0,1038.0,1
1704282807-0019-R_G.jpg,falciparum,1,1510.0,1033.0,1563.0,1082.0,1
1704282807-0019-R_G.jpg,falciparum,1,2186.0,1057.0,2267.0,1134.0,1
1704282807-0019-R_G.jpg,falciparum,1,1733.0,1112.0,1801.0,1169.0,1
1704282807-0019-R_G.jpg,falciparum,1,754.0,1146.0,808.0,1202.0,1
1704282807-0019-R_G.jpg,falciparum,1,2341.0,1172.0,2387.0,1228.0,1
1704282807-0019-R_G.jpg,falciparum,1,770.0,1182.0,831.0,1244.0,1
1704282807-0019-R_G.jpg,falciparum,1,2076.0,1188.0,2139.0,1262.0,1
1704282807-0019-R_G.jpg,falciparum,1,1757.0,1200.0,1816.0,1249.0,1
1704282807-0019-R_G.jpg,falciparum,1,2010.0,1246.0,2073.0,1304.0,1
1704282807-0019-R_G.jpg,falciparum,1,1662.0,1323.0,1718.0,1361.0,1
1704282807-0019-R_G.jpg,falciparum,1,1486.0,1509.0,1543.0,1574.0,1
1704282807-0019-R_G.jpg,falciparum,1,2355.0,1537.0,2424.0,1598.0,1
1704282807-0019-R_G.jpg,falciparum,1,633.0,1550.0,681.0,1603.0,1
1704282807-0019-R_G.jpg,falciparum,1,1237.0,1569.0,1309.0,1650.0,1
1704282807-0019-R_G.jpg,falciparum,1,614.0,1595.0,672.0,1650.0,1
1704282807-0019-R_G.jpg,falciparum,1,294.0,1763.0,348.0,1816.0,1
1704282807-0019-R_G.jpg,falciparum,1,35.0,1792.0,110.0,1859.0,1
1704282807-0019-R_G.jpg,falciparum,1,1678.0,1795.0,1718.0,1867.0,1
1704282807-0019-R_G.jpg,falciparum,1,1619.0,1820.0,1682.0,1879.0,1
1704282807-0020-R_T_S.jpg,falciparum,1,432.0,443.0,505.0,537.0,1
1704282807-0020-R_T_S.jpg,falciparum,1,373.0,459.0,424.0,535.0,1
1704282807-0020-R_T_S.jpg,falciparum,1,1308.0,587.0,1374.0,664.0,1
1704282807-0020-R_T_S.jpg,falciparum,1,61.0,770.0,142.0,845.0,1
1704282807-0020-R_T_S.jpg,falciparum,1,33.0,860.0,95.0,932.0,1
1704282807-0020-R_T_S.jpg,falciparum,1,1773.0,876.0,1828.0,965.0,1
1704282807-0020-R_T_S.jpg,falciparum,1,935.0,899.0,1025.0,969.0,1
1704282807-0020-R_T_S.jpg,falciparum,1,1204.0,956.0,1301.0,1071.0,1
1704282807-0020-R_T_S.jpg,falciparum,1,1765.0,993.0,1853.0,1055.0,1
1704282807-0020-R_T_S.jpg,falciparum,1,686.0,1156.0,753.0,1281.0,1
1704282807-0020-R_T_S.jpg,falciparum,1,885.0,1307.0,950.0,1377.0,1
1704282807-0020-R_T_S.jpg,falciparum,1,1174.0,1390.0,1234.0,1443.0,1
1704282807-0020-R_T_S.jpg,falciparum,1,1667.0,1441.0,1741.0,1517.0,1
1704282807-0020-R_T_S.jpg,falciparum,1,1606.0,1541.0,1708.0,1623.0,1
1704282807-0021-T_G_R.jpg,falciparum,1,605.0,102.0,678.0,198.0,1
1704282807-0021-T_G_R.jpg,falciparum,1,753.0,706.0,828.0,758.0,1
1704282807-0021-T_G_R.jpg,falciparum,1,1220.0,732.0,1302.0,926.0,1
1704282807-0021-T_G_R.jpg,falciparum,1,1814.0,806.0,1891.0,868.0,1
1704282807-0021-T_G_R.jpg,falciparum,1,2255.0,920.0,2312.0,973.0,1
1704282807-0021-T_G_R.jpg,falciparum,1,557.0,927.0,629.0,993.0,1
1704282807-0021-T_G_R.jpg,falciparum,1,2225.0,965.0,2277.0,1020.0,1
1704282807-0021-T_G_R.jpg,falciparum,1,1898.0,1091.0,1962.0,1149.0,1
1704282807-0021-T_G_R.jpg,falciparum,1,1872.0,1134.0,1947.0,1199.0,1
1704282807-0021-T_G_R.jpg,falciparum,1,912.0,1165.0,966.0,1224.0,1
1704282807-0021-T_G_R.jpg,falciparum,1,1288.0,1181.0,1342.0,1244.0,1
1704282807-0021-T_G_R.jpg,falciparum,1,1636.0,1184.0,1704.0,1257.0,1
1704282807-0021-T_G_R.jpg,falciparum,1,1459.0,1231.0,1525.0,1292.0,1
1704282807-0021-T_G_R.jpg,falciparum,1,2128.0,1230.0,2213.0,1301.0,1
1704282807-0021-T_G_R.jpg,falciparum,1,1417.0,1543.0,1476.0,1600.0,1
1704282807-0021-T_G_R.jpg,falciparum,1,1364.0,1573.0,1418.0,1635.0,1
1704282807-0021-T_G_R.jpg,falciparum,1,2392.0,1587.0,2465.0,1645.0,1
1704282807-0021-T_G_R.jpg,falciparum,1,1712.0,1648.0,1763.0,1711.0,1
1707180816-0001-G_R.jpg,ovale,4,1007.0,524.0,1157.0,661.0,1
1707180816-0001-G_R.jpg,ovale,4,1555.0,621.0,1657.0,706.0,1
1707180816-0002-T.jpg,ovale,4,1337.0,795.0,1493.0,872.0,1
1707180816-0003-T.jpg,ovale,4,1338.0,910.0,1421.0,1019.0,1
1707180816-0004-R.jpg,ovale,4,1359.0,705.0,1455.0,780.0,1
1707180816-0005-T.jpg,ovale,4,1373.0,862.0,1498.0,981.0,1
1707180816-0006-T.jpg,ovale,4,1461.0,694.0,1564.0,825.0,1
1707180816-0007-T.jpg,ovale,4,1239.0,908.0,1342.0,1010.0,1
1707180816-0008-G.jpg,ovale,4,1405.0,794.0,1564.0,946.0,1
1707180816-0009-T.jpg,ovale,4,1164.0,841.0,1318.0,944.0,1
1707180816-0010-T.jpg,ovale,4,1479.0,819.0,1617.0,931.0,1
1707180816-0011-R_T.jpg,ovale,4,1589.0,1146.0,1662.0,1234.0,1
1707180816-0012-T_R.jpg,ovale,4,1479.0,195.0,1575.0,299.0,1
1707180816-0012-T_R.jpg,ovale,4,354.0,1631.0,520.0,1786.0,1
1707180816-0013-T.jpg,ovale,4,1291.0,1203.0,1409.0,1316.0,1
1707180816-0015-T.jpg,ovale,4,765.0,714.0,958.0,831.0,1
1707180816-0016-R.jpg,ovale,4,1079.0,601.0,1178.0,707.0,1
1707180816-0017-G.jpg,ovale,4,908.0,90.0,1070.0,261.0,1
1707180816-0018-G.jpg,ovale,4,1725.0,625.0,1873.0,783.0,1
1707180816-0019-S.jpg,ovale,4,1357.0,875.0,1472.0,972.0,1
1707180816-0020-R_T.jpg,ovale,4,1280.0,586.0,1411.0,712.0,1
1707180816-0020-R_T.jpg,ovale,4,1032.0,1548.0,1118.0,1627.0,1
1708161076-0001-R.jpg,ovale,4,1448.0,787.0,1534.0,877.0,1
1708161076-0002-R.jpg,ovale,4,1333.0,556.0,1400.0,634.0,1
1708161076-0003-R.jpg,ovale,4,1208.0,884.0,1311.0,965.0,1
1708161076-0004-R.jpg,ovale,4,1290.0,796.0,1384.0,899.0,1
1708161076-0005-G.jpg,ovale,4,1159.0,933.0,1296.0,1074.0,1
1708161076-0006-R.jpg,ovale,4,1363.0,282.0,1472.0,378.0,1
1708161076-0006-R.jpg,ovale,4,939.0,1228.0,1043.0,1300.0,1
1708161076-0007-R.jpg,ovale,4,1247.0,739.0,1326.0,824.0,1
1708161076-0008-G.jpg,ovale,4,1345.0,722.0,1510.0,880.0,1
1708161076-0009-R.jpg,ovale,4,1703.0,463.0,1760.0,526.0,1
1708161076-0010-G.jpg,ovale,4,911.0,612.0,1070.0,785.0,1
1709041080-0013-R.jpg,vivax,2,1309.0,762.0,1432.0,890.0,1
1709041080-0014-R.jpg,vivax,2,1216.0,741.0,1330.0,874.0,1
1709041080-0015-R.jpg,vivax,2,1342.0,1618.0,1426.0,1694.0,1
1709041080-0016-S.jpg,vivax,2,1320.0,716.0,1476.0,878.0,1
1709041080-0017-R.jpg,vivax,2,1234.0,773.0,1357.0,886.0,1
1709041080-0018-R.jpg,vivax,2,2044.0,452.0,2142.0,526.0,1
1709041080-0018-R.jpg,vivax,2,1368.0,912.0,1452.0,1006.0,1
1709041080-0019-R.jpg,vivax,2,1471.0,521.0,1534.0,576.0,1
1709041080-0020-R.jpg,vivax,2,1268.0,938.0,1422.0,1056.0,1
1709041080-0020-R.jpg,vivax,2,1268.0,980.0,1277.0,988.0,1
1709041080-0021-R_T.jpg,vivax,2,1776.0,677.0,1846.0,764.0,1
1709041080-0021-R_T.jpg,vivax,2,1433.0,700.0,1545.0,782.0,1
1709041080-0022-T.jpg,vivax,2,1201.0,617.0,1360.0,767.0,1
1709041080-0023-R.jpg,vivax,2,933.0,432.0,1002.0,510.0,1
1709041080-0023-R.jpg,vivax,2,1179.0,638.0,1340.0,803.0,1
1709041080-0024-R.jpg,vivax,2,1501.0,250.0,1590.0,335.0,1
1709041080-0024-R.jpg,vivax,2,1399.0,859.0,1497.0,966.0,1
1709041080-0025-R_T.jpg,vivax,2,1530.0,557.0,1611.0,618.0,1
1709041080-0025-R_T.jpg,vivax,2,1235.0,613.0,1386.0,754.0,1
1709041080-0025-R_T.jpg,vivax,2,1037.0,702.0,1154.0,800.0,1
1709041080-0025-R_T.jpg,vivax,2,448.0,1471.0,532.0,1606.0,1
1709041080-0027-R.jpg,vivax,2,1481.0,642.0,1498.0,662.0,1
1709041080-0027-R.jpg,vivax,2,1548.0,675.0,1567.0,692.0,1
1709041080-0027-R.jpg,vivax,2,760.0,731.0,779.0,754.0,1
1709041080-0027-R.jpg,vivax,2,721.0,743.0,738.0,769.0,1
1709041080-0028-T.jpg,vivax,2,1273.0,395.0,1424.0,544.0,1
1709041080-0029-T.jpg,vivax,2,982.0,1122.0,1129.0,1305.0,1
1709041080-0030-S.jpg,vivax,2,1320.0,416.0,1494.0,578.0,1
1709041080-0031-S.jpg,vivax,2,1189.0,706.0,1372.0,885.0,1
1709041080-0032-S.jpg,vivax,2,383.0,232.0,552.0,377.0,1
1709041080-0032-S.jpg,vivax,2,1286.0,740.0,1469.0,925.0,1
1709041080-0033-S.jpg,vivax,2,1289.0,394.0,1434.0,529.0,1
1709041080-0034-R.jpg,vivax,2,1279.0,315.0,1342.0,392.0,1
1709041080-0035-S.jpg,vivax,2,1380.0,577.0,1547.0,778.0,1
1709041080-0036-S_R.jpg,vivax,2,1314.0,474.0,1483.0,629.0,1
1709041080-0036-S_R.jpg,vivax,2,1469.0,956.0,1541.0,1031.0,1
1709041080-0037-S.jpg,vivax,2,1229.0,638.0,1401.0,743.0,1
1709041080-0038-S.jpg,vivax,2,1139.0,479.0,1271.0,626.0,1
